id,domain,status,purchase_price,renewal_price,attractiveness,demand,length,registrar,created_at,expires_at
dfe90679-c439-4ce1-83fa-ce8ffcc5bdf9,bunny.mba,available,19.99,,high,low,5,name.com,,
c757add3-03b6-4e73-bec0-5c7ad87c6cf9,purgative.mba,available,,,medium,low,9,,,
01cbd5ea-68e1-41c6-ae95-e73066a2ecd8,definition.mba,available,19.99,,high,low,10,name.com,,
49b57536-a57f-4f02-a325-18cb5c6bfc39,called.mba,available,19.99,,medium,low,6,name.com,,
b85c4f5b-47c6-48e5-a1a7-258d7415763a,myspace.mba,available,,,high,low,7,,,
0f7298b3-8084-4e77-8fe5-725a40505810,suv.mba,available,19.99,,high,low,3,name.com,,
d7f2e803-9da9-4040-ada0-b350160b054c,oddmanout.mba,available,19.99,,low,low,11,name.com,,
463941f5-79d0-425b-8c70-da391df9473f,physic.mba,available,,,high,low,6,,,
a63241b3-6a62-46ad-a03e-fafc8678d1bc,lxxxv.mba,available,,,medium,low,5,,,
c67192c3-17d4-4601-b292-679f03cba4fa,anginose.mba,available,,,medium,low,8,,,
4b2667fa-6ea7-4f56-8214-a76cdf01191e,prepared.mba,available,19.99,50.99,medium,low,8,name.com,,
7108d325-abd2-491b-a2eb-b650e5ac87c1,cocoa.mba,available,19.99,,high,low,5,name.com,,
d7945d80-bff9-4093-8e32-3076f5f5e63a,assume.mba,available,19.99,,high,low,6,name.com,,
264ba437-558c-4b9f-ab62-a7aa6209797f,fucksome.mba,available,19.99,,medium,low,8,name.com,,
193ef90b-a05c-4635-b29d-05081d139450,Women.mba,available,19.99,,medium,low,5,name.com,,
4b2ec1db-71c1-492f-9a36-26df9c45eecc,sympathy.mba,available,19.99,,high,low,8,name.com,,
99450972-abf2-4145-b7ba-fdd8af2f6d64,acinous.mba,available,,,medium,low,7,,,
9edbf1b7-e240-4855-bb61-2a77a81be854,ariose.mba,available,,,medium,low,6,,,
8caeff92-37b5-4beb-a58d-acb4edaa3ab0,smash.mba,available,19.99,,high,low,5,name.com,,
54046a22-1a42-4cf7-9750-29930e5bd523,slushy.mba,available,,,medium,low,6,,,
5e0bb13c-7bd3-45b1-9c7f-399d11c1b6fe,sundress.mba,available,19.99,,high,low,8,name.com,,
3c3e902a-510f-44ce-a097-5e884c4bfc1c,artofwar.mba,available,19.99,,medium,low,10,name.com,,
ed11cf05-cd53-4964-a070-8277f74db4e7,officelandscape.mba,available,19.99,,high,low,16,name.com,,
1eccd1f1-7e45-455b-8a8c-d429a173879c,balking.mba,available,,,high,low,7,,,
fb6a75a3-d17a-4d08-90a8-a63f61be43fb,twin.mba,available,19.99,,high,low,4,name.com,,
b2d5389a-bf28-4957-ba71-e483c618504e,multiplayer.mba,available,19.99,,medium,low,11,name.com,,
0a1d4ae0-2cd7-431d-aeac-df054207e20c,norfolk.mba,available,19.99,,high,low,7,name.com,,
6ef5969a-edaf-4fa9-abd9-ac339cc4245a,Frenchroll.mba,available,19.99,,medium,low,11,name.com,,
a7d8f6c1-b4d3-4d9c-957f-0efe6c89399d,babyfaced.mba,available,,,high,low,10,,,
c4f613c0-cf0e-46d6-855a-2b0a10c52ccc,master.mba,resell,,,high,low,6,"Chengdu West Dimension Digital Technology Co., Ltd.",18/11/2017 09:39,18/11/2026 09:39
85cb6840-8aa0-4768-a79a-e7d8e5aceaef,else.mba,available,19.99,,high,low,4,name.com,,
d751ad9c-cef8-4a36-9db4-67db0ef9551c,foodcoma.mba,available,19.99,,medium,low,9,name.com,,
09978522-df22-4d1a-b7fc-41a7afe905df,discussion.mba,available,19.99,,high,low,10,name.com,,
7fae034f-9923-4c1c-81db-6d905bc7ba96,allargando.mba,available,,,medium,low,10,,,
c8dbff58-ea29-480f-83f8-e6c7da40ddd9,bush.mba,available,19.99,,medium,low,4,name.com,,
708199d5-f805-4540-b0b3-160bde26585e,swiftly.mba,available,19.99,,medium,low,7,name.com,,
00644f1c-565b-4c6b-a438-ff6f9f20b30f,casket.mba,available,19.99,,high,low,6,name.com,,
5a97e484-49fd-4ce6-b950-8b81c3a9fbd4,rootbeer.mba,available,19.99,,medium,low,9,name.com,,
f27394fe-34ff-4d6e-8614-e0cb25580340,buster.mba,available,19.99,,medium,low,6,name.com,,
5e4f87ba-e2cf-45a2-8c83-36ed13e83ad9,planning.mba,available,19.99,,high,low,8,name.com,,
200302d0-a6ed-4dbf-be82-b8ff06ab7b62,fiery.mba,available,,,medium,low,5,,,
d501cca7-a2dd-44db-bb78-43a8a1bd0b3f,merely.mba,available,19.99,,medium,low,6,name.com,,
8e68d830-3510-4bfd-9a89-29e4a756971a,promise.mba,available,19.99,,high,low,7,name.com,,
7f78578b-7db3-4394-a02c-1ca1816ac540,britain.mba,available,19.99,,high,low,7,name.com,,
77405822-a83f-4bc5-b2c4-0299a2c35de0,rookie.mba,available,19.99,,high,low,6,name.com,,
67fed4c4-cd2b-4c4d-915a-9f78be2c9337,oneortwo.mba,available,19.99,,low,low,10,name.com,,
a82e67f7-4819-4409-9a39-de9738c1f59f,harm.mba,available,19.99,,high,low,4,name.com,,
31e918d2-f05d-40f3-b2d4-b3353743ce43,buttonlike.mba,available,,,medium,low,10,,,
32e9fcd6-d345-41db-8164-8a3253873e1b,sharing.mba,available,19.99,,high,low,7,name.com,,
f177f8b2-e6ea-475b-9cf4-154025e3b1bc,vie.mba,available,19.99,,high,low,3,name.com,,
0cf8e3bc-300a-4d7d-8928-e1a598f3f78c,athenian.mba,available,,,medium,low,8,,,
ce80d5a0-88a7-4877-a560-34a26f12af5e,gusto.mba,available,19.99,,high,low,5,name.com,,
c20b0364-7a3d-41f4-8f3d-81bb89637db5,eachother.mba,available,19.99,,medium,low,10,name.com,,
66e62ec8-907f-42d4-985b-33ecef502d82,cord.mba,available,19.99,,high,low,4,name.com,,
bf78082e-4165-4585-8828-057269b8aaf2,rejection.mba,available,19.99,,medium,low,9,name.com,,
73663c87-43ba-428d-8a73-2e1d8dbeaca8,relapse.mba,available,19.99,,high,low,7,name.com,,
9d7e3eae-249f-4089-8999-fa8cc311e3a0,publicised.mba,available,19.99,,medium,low,10,name.com,,
08fb6714-6ce7-43e0-974f-907543f58b7e,unhandy.mba,available,19.99,,low,low,7,name.com,,
88ff4ae3-21b8-4a19-893b-78395053364c,embayment.mba,available,,,medium,low,9,,,
e63b74ed-fdc8-4df0-bc0f-0f85194d5295,aeschylean.mba,available,,,medium,low,10,,,
91325860-7a93-47f8-aaf0-ae124c9c51af,adroit.mba,available,19.99,50.99,high,low,6,name.com,,
d57f3595-a189-4ff7-8b5e-a22bddb1d12b,fabric.mba,available,19.99,,high,low,6,name.com,,
6102d7e2-55f3-41f7-a56d-80537b2b11d8,confession.mba,available,19.99,,medium,low,10,name.com,,
e926e61a-0b72-4940-b3cd-5ad002c74c4f,script.mba,available,19.99,,high,low,6,name.com,,
202b01d8-f250-4273-b730-c30e8f247a4e,relate.mba,available,,,medium,low,6,,,
eba7313b-9dd8-4fc3-b375-067aef1a23fa,nineteenth.mba,available,,,high,low,10,,,
3d7af142-3700-4b29-a36c-9c904a416e1d,nationaldebt.mba,available,19.99,,low,low,13,name.com,,
5b2c5ecc-f304-4a82-9587-ee6f46260f85,refine.mba,available,19.99,,high,low,6,name.com,,
eeca67b1-629c-46a1-bc6c-de0e9da5c0cd,attic.mba,available,,,high,low,5,,,
b63abd67-48be-4944-8e80-5e2c8cd01249,JusticeofthePeace.mba,available,19.99,,medium,low,20,name.com,,
93e9512b-b272-4492-8b29-794b8a340f08,fighting.mba,available,19.99,,medium,low,8,name.com,,
777e3279-02c5-4fb4-8816-dc3068c62c20,archival.mba,available,,,medium,low,8,,,
fc95c73f-cfd8-47d1-a207-dcd3fad3ccc9,pour.mba,available,19.99,,high,low,4,name.com,,
d6d96434-6563-4be6-964c-c6a03c76d1c7,toxic.mba,available,19.99,,medium,low,5,name.com,,
92dbfa54-f25d-4cb7-a393-0e37e2cc05e7,induce.mba,available,19.99,,high,low,6,name.com,,
acb3133c-9432-43cb-90f8-f8474214d97f,mixed.mba,available,19.99,,medium,low,5,name.com,,
3d6c36e7-b15c-453f-aaf1-87b4d4a222c9,stigmatic.mba,available,,,medium,low,9,,,
ba2d5ba2-7372-4f14-bdc3-2eee2b019c0b,mousearound.mba,available,19.99,,low,low,12,name.com,,
8a83b254-a349-403d-8864-8e81b9e64bbd,charles.mba,available,19.99,,high,low,7,name.com,,
b44cbef5-3801-4329-98fc-7c64674295dc,burning.mba,available,19.99,,high,low,7,name.com,,
916fc6aa-8a5b-4129-8df9-b13655ff10dd,doit.mba,available,19.99,,high,low,5,name.com,,
f14819d5-854f-4813-89f9-8377011cd712,amoebous.mba,available,,,medium,low,8,,,
754f8f85-353a-420e-8197-a86a5a9bae5d,poorly.mba,available,19.99,,medium,low,6,name.com,,
80f1ee02-2e8d-49e8-a166-6e39fd2dea4e,compressed.mba,available,19.99,50.99,medium,low,10,name.com,,
eed9a7b3-5275-458b-ae70-1988d21acd9b,alacarte.mba,available,,,medium,low,10,,,
a1c9f2ae-3ea5-42a1-bb44-df2e10065f6b,barrelled.mba,available,,,medium,low,9,,,
b07aad02-facc-4a74-a8a4-60923944215d,corruption.mba,available,19.99,,medium,low,10,name.com,,
a72e77a1-d258-48b1-b8e3-4e7488bd95ee,either.mba,available,19.99,,high,low,6,name.com,,
8053f254-48f7-4020-9165-ddafd1ddaf70,cinderella.mba,available,19.99,,high,low,10,name.com,,
b570f929-48f1-4d36-a5b5-7f0d5f03da08,redapple.mba,available,19.99,,high,low,9,name.com,,
662271fc-9eb1-4e2f-bcc6-94fa341eddf7,fantastic.mba,available,,,high,high,9,,,
b404b8c2-17f1-4f6a-ac17-89711bbdf69e,bacillar.mba,available,,,medium,low,8,,,
ad27df11-9ba6-4c8c-acf5-78d261db1b84,ace.mba,available,,,high,medium,3,,,
6740ecc9-b072-4fb3-8a0b-89c7c056eb28,howdoyedo.mba,available,19.99,,medium,low,12,name.com,,
15493df2-d3e5-4096-8ad1-5114aff2329a,kindof.mba,available,19.99,,medium,low,7,name.com,,
63bbca7e-e4c3-47cb-9160-4a1d13363da0,adrenergic.mba,available,,,high,low,10,,,
4eed2102-f31f-4bc1-ba98-567807220d97,apotropaic.mba,available,,,medium,low,10,,,
d99479a6-5194-402c-91d5-3b6330582268,cherry.mba,available,19.99,,high,low,6,name.com,,
0cd28c30-c610-4372-847e-08a1008fa855,procedure.mba,available,19.99,,medium,low,9,name.com,,
02d3a2e8-6b67-4876-bce1-b7b277ab3640,intears.mba,available,19.99,,medium,low,8,name.com,,
88664bac-2ba6-4717-abb3-27370925ac2b,christmas.mba,available,19.99,,high,low,9,name.com,,
3c0a2741-811e-4004-b602-5592eae09830,streetcleaner.mba,available,19.99,,low,low,14,name.com,,
99a9c842-e74b-40e4-9c5d-0e0189bebfd1,auriculate.mba,available,,,medium,low,10,,,
20de632a-771a-41e1-ba19-f4fe0ec5db27,ticket.mba,available,19.99,,high,low,6,name.com,,
bd5713ec-c1c5-4fe7-b63e-f327091edbd9,delight.mba,available,19.99,,high,low,7,name.com,,
9b4fa7b5-02e2-4727-b071-ca16a30eb39b,quantities.mba,available,19.99,,low,low,10,name.com,,
861829d4-027e-49d8-99d2-85e260a51297,NYT.mba,available,19.99,,high,low,3,name.com,,
6c284f14-69a8-422b-8855-abbf7f3349ef,radio.mba,available,19.99,,high,medium,5,name.com,,
45ff4520-f2c3-4741-a875-0f2417be8f2f,whitesnow.mba,available,19.99,,medium,low,10,name.com,,
ce75e4c3-fc7a-49d1-aeec-d1aa8083c150,dendroid.mba,available,,,high,low,8,,,
6a8045c8-7601-437e-a8d3-cc02df18d4ef,adnexal.mba,available,,,medium,low,7,,,
2129baf8-1104-461d-b6f1-d4475406b88e,velcro.mba,available,,,high,low,6,,,
78a1e8af-74c3-4d28-aa9d-6d15c8e45b2f,coral.mba,available,19.99,50.99,medium,low,5,name.com,,
a779b380-44ab-4530-ab09-65acbbf09308,prudent.mba,available,19.99,,high,low,7,name.com,,
ae9781d3-2586-47b4-ab8a-329a9b80a85e,fortified.mba,available,,,high,low,9,,,
ebd86f08-a0f8-4a9a-880d-bf08ec61e20f,room.mba,available,19.99,,high,low,4,name.com,,
71bac29a-954e-41ca-88da-c155dc6813b5,groves.mba,available,19.99,,medium,low,6,name.com,,
112019f3-9a5f-4cd1-82e1-4f2bcc777b3b,beamish.mba,available,,,medium,low,7,,,
42376c1e-a291-49e4-af34-8b7879e307d5,stage.mba,available,19.99,,medium,medium,5,name.com,,
ec489544-f943-4b74-8145-2acdaa048719,bear.mba,available,19.99,,high,low,4,name.com,,
b278ab8e-f1b5-478d-babf-ac73b288a77d,taxes.mba,available,19.99,,low,low,5,name.com,,
139f2d69-bbed-4e77-8645-73c916468715,raw.mba,available,,,medium,low,3,,,
47b91824-a64e-41c2-8352-7649d617e904,hockeyplayer.mba,available,19.99,,high,low,13,name.com,,
f398d6f0-299c-4fd1-86c5-fa12eab4e8ad,grimy.mba,available,,,medium,low,5,,,
137e2b7d-23cd-4cf3-b682-d2a54b11eded,deuceace.mba,available,,,medium,low,9,,,
437a831c-9b3c-4e41-94bb-f538061fa500,cameraman.mba,available,19.99,,high,low,9,name.com,,
d72a23a4-57df-4e7d-b3e9-6756eb3f3152,celiacdisease.mba,available,19.99,,medium,low,14,name.com,,
f863bc58-bf97-449b-84c5-d0e480e71cf6,acervate.mba,available,,,medium,low,8,,,
99853f2f-24ea-4e79-84c9-974b12d3bcd3,alimentary.mba,available,,,medium,low,10,,,
d188a8bb-b9c3-4278-bec5-0b130345ea90,type.mba,available,19.99,,high,low,4,name.com,,
d1d67b69-c210-45a8-a179-d4e150cbc3af,anoxic.mba,available,,,medium,low,6,,,
f6ea945d-c6b2-476a-a5c2-1447203f9835,succinct.mba,available,19.99,50.99,medium,low,8,name.com,,
19b15845-810b-4e72-b6c2-2ad84e5aeffe,closetogether.mba,available,19.99,,medium,low,14,name.com,,
4b322101-3b1d-4142-90ea-13feee96a65e,silent.mba,available,19.99,,high,low,6,name.com,,
4f36a882-d9b3-4258-b02f-3ae4a4150e19,fiftysix.mba,available,,,medium,low,9,,,
34626c21-678f-4a45-9cc3-772edb524256,lodge.mba,available,19.99,,medium,low,5,name.com,,
3dbefe4d-a56c-4907-805a-b727ab35e25d,seattle.mba,available,19.99,,high,low,7,name.com,,
5679cc6d-4026-4ee9-939c-b38cfc70df18,educated.mba,available,19.99,50.99,medium,low,8,name.com,,
5a9ce2ea-a384-4588-8c4b-91f8817c2b36,hardluck.mba,available,19.99,,medium,low,9,name.com,,
d4dd0aae-c3f2-451b-b098-5d59776605df,unstoppable.mba,available,19.99,,high,low,11,name.com,,
5f281069-75fd-4b76-b9e5-295d78f546f8,speed.mba,resell,,,high,low,5,"Xiamen ChinaSource Internet Service Co., Ltd",14/02/2025 15:15,14/02/2027 15:15
d2f18274-5b09-4dee-8d20-031daa6787bd,overwhelm.mba,available,19.99,,high,low,9,name.com,,
3c6ded15-9619-4d12-ad24-60f63c0b25bd,enable.mba,available,19.99,,high,low,6,name.com,,
7dcb03da-eb44-4708-be16-2502a027a7db,smileyface.mba,available,19.99,,high,low,11,name.com,,
bc933fe8-b860-4fb2-98a5-b35147197cf3,turnahair.mba,available,19.99,,low,low,11,name.com,,
9dbcc5b3-594a-480b-94b3-20685ef8d5d3,elvis.mba,available,19.99,,high,low,5,name.com,,
4b7af51c-1ffc-4f44-b1d7-90e637e91f83,techweek.mba,available,19.99,,medium,low,9,name.com,,
eb5ee74f-7b97-4d75-b6c8-8769f4da90dc,carrier.mba,available,19.99,,medium,low,7,name.com,,
69228f09-9eb0-4dbf-bba4-6d8e3c020696,heartburn.mba,available,19.99,,medium,low,9,name.com,,
73b575f9-fd65-445e-afac-e59acf032ce7,national.mba,available,,,high,low,8,,,
37b18093-e9f2-42c5-9cd1-1bb782bd82da,alleged.mba,available,19.99,50.99,high,low,7,name.com,,
1e55541d-0479-4a8d-a54a-9fe2e6111e79,bag.mba,available,19.99,,high,low,3,name.com,,
d6461172-cdf9-4f20-a683-0eab46ec121e,agone.mba,available,,,medium,low,5,,,
bdac931e-dbee-46dd-a226-ed9a3dd3096d,letmesee.mba,available,19.99,,medium,low,10,name.com,,
0ae29951-77fa-4622-a00a-d0f7c0c884b7,AnnaKournikova.mba,available,19.99,,high,low,15,name.com,,
521f1c79-b43e-4c05-9f8d-523491825b96,brighten.mba,available,19.99,,high,low,8,name.com,,
8331caff-7979-473a-be14-d64560938c30,globose.mba,available,,,medium,low,7,,,
b39a971f-4fe6-4ea1-9686-ed4683724fd4,direction.mba,available,19.99,,high,low,9,name.com,,
49ba0ad3-1d0d-4f1d-9a1b-849b1d13c37b,anything.mba,available,19.99,,high,low,8,name.com,,
c25b9365-8f76-4ceb-922e-97abc4789ead,moldy.mba,available,19.99,,medium,low,5,name.com,,
ee5e6007-7a83-453e-98e8-a419f0de32cb,allset.mba,available,19.99,,high,low,7,name.com,,
b78973b3-01bd-4a83-8422-ef4d67677abd,denial.mba,available,19.99,,high,low,6,name.com,,
de6d6b27-3fc5-4525-aed8-8a01b93d32ea,subjectmatter.mba,available,19.99,,low,low,14,name.com,,
7a4153bc-25aa-4e25-acf1-3fa47495eadb,jack.mba,available,19.99,,high,medium,4,name.com,,
e7348a54-e316-4a12-a539-061373b7071c,apogean.mba,available,,,medium,low,7,,,
51faf00f-283a-4cd7-b440-c5eff0bb154b,medals.mba,available,19.99,,medium,low,6,name.com,,
21660d57-1a4f-453e-9409-13554c80323c,engagement.mba,available,19.99,,high,low,10,name.com,,
4279c222-7763-4e4c-9002-b9cee845c5e4,arching.mba,available,,,medium,low,7,,,
327ffb3e-e275-4ae7-b94d-129970fba040,actress.mba,available,19.99,,high,low,7,name.com,,
7329ff7d-5d56-4dfa-87cc-971350404c2d,discjockey.mba,available,19.99,,high,low,11,name.com,,
67109cc2-1c3b-4bfd-a1bc-02663a6ad685,friendship.mba,available,19.99,,high,low,10,name.com,,
ec7da41d-5898-4650-9b5d-a418833263dc,eonian.mba,available,,,medium,low,6,,,
bc2ca830-47b2-4d78-acae-50d78fe99a61,didnt.mba,available,19.99,,medium,low,5,name.com,,
36309f32-cd8d-4433-a0a3-63045b241154,dowhat.mba,available,19.99,,medium,low,7,name.com,,
fe85bf59-3b44-4d20-9fb5-c414af7f7a9e,darken.mba,available,19.99,,high,low,6,name.com,,
b434ae20-30fa-4ac0-998f-b7bb71c7f7c1,used.mba,available,19.99,,high,low,4,name.com,,
bf832a08-c276-4d75-b1b8-da7bcacaf0d9,anniversary.mba,available,19.99,,high,low,11,name.com,,
79e2b0c4-0166-4048-a33b-37c1f56ce5b5,leasing.mba,available,19.99,,high,low,7,name.com,,
a3502fa2-ba7a-4809-8c7e-96c0a9e380ce,stay.mba,available,19.99,,medium,low,4,name.com,,
1a36d5d7-78b7-44c4-bd90-bf4aded49869,stockholm.mba,available,19.99,,high,low,9,name.com,,
ea2972a4-a8b3-45dd-99fd-a4550a7ef59b,bankrupt.mba,available,,,high,low,8,,,
efa5c3bb-21e0-4472-a0e8-34df06166f52,scientist.mba,available,19.99,,high,low,9,name.com,,
95bf49f6-93bd-43ba-8c3e-d1d03716e9da,company.mba,resell,,,high,low,7,"DNSPod, Inc.",25/04/2022 13:15,25/04/2027 13:15
66a4fb74-fbbb-4e39-923c-f1b2706193df,justfriends.mba,available,19.99,,high,low,12,name.com,,
53bdfdd4-f23b-41a8-ab48-fa6025886f5e,manual.mba,available,19.99,,medium,low,6,name.com,,
ecc84300-9ce0-4dbe-b067-9bbf3dfc9e2b,once.mba,available,19.99,,high,low,4,name.com,,
8f3eb247-1ee1-4d27-82ff-5f075afbbae4,expect.mba,available,19.99,,high,low,6,name.com,,
cd5d9f9c-87da-4e3a-9a85-ba8264efefd9,softwarepackage.mba,available,19.99,,high,low,16,name.com,,
01330483-36fc-4bde-9e6c-5249e7cdf3f2,speech.mba,available,19.99,,high,low,6,name.com,,
410d8b66-5d25-4bf5-b978-3510fad3bb3d,hall.mba,available,19.99,,high,low,4,name.com,,
a71b578d-18a6-4036-9a89-6d7d339cdf3c,remain.mba,available,19.99,,high,low,6,name.com,,
81edfbec-af24-4957-8744-267bfe858e08,makeroom.mba,available,19.99,,high,low,9,name.com,,
370562d1-1f4c-4264-b319-2956fdcbcd92,during.mba,available,19.99,,medium,low,6,name.com,,
14e054d4-9eed-4ca5-a2c6-5e20bdd893e6,arouse.mba,available,,,high,low,6,,,
431d48d5-4ee8-4e24-a9b8-0f27eee8f867,grey.mba,available,19.99,,high,low,4,name.com,,
2ba06240-2c06-4efb-a77e-70c8cd7e9cc8,name.mba,available,,,high,low,4,,,
d937c58f-b223-426a-96d7-fdee07efc686,rainbow.mba,available,19.99,,high,medium,7,name.com,,
a940082a-d6c1-411e-920d-fd8eb9d98588,arranged.mba,available,19.99,,high,low,8,name.com,,
55f65307-5a6a-428c-9301-8e245dc1a434,WinterHaven.mba,available,19.99,,low,low,12,name.com,,
45dc2d50-d43a-4dbc-ac71-9faa6f8c46ce,allocate.mba,available,19.99,,high,low,8,name.com,,
6b088d32-a0df-4ab1-a692-3a2062cddc8a,higher.mba,available,19.99,,high,low,6,name.com,,
ac83b802-e12a-4975-8015-e57f99513ac9,african.mba,resell,,,medium,low,7,"Spaceship, Inc.",11/07/2025 19:56,11/07/2026 19:56
b6dcb579-e971-48f1-af92-34fb6b818be1,dragon.mba,available,19.99,,high,medium,6,name.com,,
ca5607b8-69dd-4ab4-932b-f1ee099af664,unemployed.mba,available,19.99,,medium,low,10,name.com,,
a164db32-9ada-4acb-8878-8fa9394bcf9d,pronounced.mba,available,19.99,,medium,low,10,name.com,,
5522a590-efde-487e-b488-c0c405086921,vegetable.mba,available,19.99,,high,low,9,name.com,,
f281085f-92e7-46cd-9aaa-d8c1a980b249,least.mba,available,19.99,,high,low,5,name.com,,
5ab7529c-ea01-4eb9-841a-5a627d2e884b,tonic.mba,available,19.99,50.99,high,low,5,name.com,,
7b19fcf5-0be1-4158-815f-c94659b57fcf,adviser.mba,available,19.99,,high,low,7,name.com,,
9d24ca09-bb37-4fa3-bb31-98a1673b3df5,match.mba,available,,,high,low,5,,,
df29d668-d76e-4e13-83ab-78ec9f0c404d,tortured.mba,available,,,medium,low,8,,,
f4091640-47ed-4ec5-ba2c-67077443a8f9,death.mba,available,19.99,50.99,medium,low,5,name.com,,
ea163428-22b5-4c84-be40-008909a085b1,attimes.mba,available,19.99,,medium,low,8,name.com,,
d5073590-f94a-4203-88c4-58dfff007fff,alienating.mba,available,,,medium,low,10,,,
7d61de56-0595-4525-87ee-db43fef845e3,anatomy.mba,available,19.99,,high,low,7,name.com,,
906000bf-eeba-4c3c-a342-45be1c838b1b,quitea.mba,available,19.99,,medium,low,7,name.com,,
f05c9eef-3605-4a19-b37a-f76776271811,chiefly.mba,available,19.99,,high,low,7,name.com,,
3cb02043-0abb-41c8-a754-35ddb1c2835a,exhaust.mba,available,19.99,,high,low,7,name.com,,
f4631095-257b-4e96-b176-2a49dffa1e73,kilobyte.mba,available,19.99,,high,low,8,name.com,,
9a62b89a-40ad-467c-957a-54e5078724ca,BigMac.mba,available,19.99,,high,low,7,name.com,,
a7a19bd6-fdbc-4b56-a69b-383b82d7577e,ala.mba,available,19.99,,high,low,3,name.com,,
35563f12-9ad5-482d-8133-b15625ef12a7,Ann.mba,available,19.99,,high,low,3,name.com,,
4b2e860f-b395-4aa8-8f62-6cf1d82d7717,antenatal.mba,available,19.99,,high,low,9,name.com,,
4f68eb9e-0832-4e8a-b3e9-88a335fba6f0,steps.mba,available,19.99,,high,low,5,name.com,,
5b699954-5a80-4351-bb48-af0b8c5db015,becoming.mba,available,,,medium,low,8,,,
46aa46a0-f8b0-451d-9750-2b85b98dda6d,asat.mba,available,,,medium,low,4,,,
131de695-a8d0-4d41-aaa6-3f01154dec53,apologise.mba,available,19.99,,high,low,9,name.com,,
b0a1dcd1-3466-4420-9225-9a5315bca7ae,backward.mba,available,19.99,,high,low,8,name.com,,
8ce17958-7844-4272-9568-4c366c68544f,won.mba,available,19.99,,high,low,3,name.com,,
159f955e-0929-491d-b028-9211f0713267,durable.mba,available,19.99,50.99,high,low,7,name.com,,
07ff95f9-25f7-4e22-b9c9-61c1aea7d3d3,moderator.mba,available,19.99,,high,low,9,name.com,,
e8eda464-aaf2-42ca-bfd9-a3616f7e3f1b,northandsouth.mba,available,19.99,,medium,low,15,name.com,,
131fe976-583d-408b-9d64-c87dd4c46476,him.mba,available,19.99,,high,low,3,name.com,,
20288de5-de3a-4887-8b1d-bc646e75db98,francisca.mba,available,19.99,,high,low,9,name.com,,
00e74d8a-7e64-498b-9209-2ea9bc5bcfd0,uptospeed.mba,available,19.99,,medium,low,11,name.com,,
0963073e-500a-4142-8c61-0cb7caa6a83e,workethic.mba,available,19.99,,high,low,10,name.com,,
0796d5df-9b45-4b13-a40d-8a6e18f94507,lii.mba,available,,,medium,low,3,,,
674d8beb-e5df-45a4-8a39-6f2f7e30c4b2,domestic.mba,available,19.99,50.99,high,low,8,name.com,,
fc51c169-7dac-470e-90f5-2a022dd6f955,explorer.mba,available,19.99,,high,low,8,name.com,,
194fc28f-50a6-44cf-bde3-2a64645d98f8,thermal.mba,available,19.99,,medium,low,7,name.com,,
6ad92900-75da-4cfc-940e-0ea62d60d283,absent.mba,available,19.99,50.99,high,low,6,name.com,,
aca9122a-fb2b-4eba-8e87-43b115728015,barring.mba,available,19.99,,medium,low,7,name.com,,
55e9b960-1a6c-4c3b-9248-8631e216d708,crowd.mba,available,19.99,,high,low,5,name.com,,
54a43f57-7e83-43ba-b49b-5bfb835311ca,unused.mba,available,19.99,,medium,low,6,name.com,,
57d03bce-93a0-4454-96dd-6b82e94add30,proof.mba,available,19.99,,high,low,5,name.com,,
15230d6d-53db-4fd4-bdf4-107db93c56cf,joke.mba,available,19.99,,high,low,4,name.com,,
17c83bb3-0e15-48e0-a38b-6e1e1f1ed89e,exciting.mba,available,19.99,,high,low,8,name.com,,
2c5a47a1-2040-445c-8676-b5255d569335,boattrip.mba,available,19.99,,high,low,9,name.com,,
acd05b72-1ef2-4ada-8ab9-0ef21b437b9d,raccoon.mba,available,19.99,,medium,low,7,name.com,,
663c1b6f-06d1-4be6-ac2c-878ea32dcbf4,volleyball.mba,available,19.99,,high,low,10,name.com,,
2d300605-6d40-42d1-99b2-bd3d6a040999,mac.mba,available,,,high,low,3,,,
111f2aaa-8baf-4f08-af4d-767c5bdcbbc6,stockmarket.mba,available,19.99,,high,low,12,name.com,,
59fffffd-af7e-46cd-9c26-bddf42944dbb,sign.mba,available,19.99,,high,low,4,name.com,,
99ecbe8c-5dee-4dac-bafe-1c7fb4baa10a,military.mba,available,19.99,,high,low,8,name.com,,
c455819a-8ab2-4fb3-a889-13a2bde22018,house.mba,available,19.99,,high,medium,5,name.com,,
2f784f8e-30cd-4bf8-a7ae-adbad41f2182,goDutch.mba,available,19.99,,medium,low,8,name.com,,
998b6901-002c-4469-979a-d8fb5c55ea5b,dishwasher.mba,available,19.99,,high,low,10,name.com,,
526a17fa-3112-4834-a141-9cc83986014a,bull.mba,available,19.99,,medium,low,4,name.com,,
8c2fd083-fa7d-4b46-a5c0-f520e2ad6336,markets.mba,available,19.99,,medium,low,7,name.com,,
de616bae-8a1c-4332-a04e-7585785e1263,nassau.mba,available,19.99,,high,low,6,name.com,,
87ba25a2-71bc-4261-baa9-8f73b9a08384,sixteenth.mba,available,,,medium,low,9,,,
5c72578f-7547-4b75-8fc8-2692ad069f35,Guys.mba,available,19.99,,medium,low,4,name.com,,
11953da4-7824-4d8e-a7ab-5addf2c96d5d,crocodile.mba,available,19.99,,high,low,9,name.com,,
5951d3f3-eb68-4a2e-a4cb-8623751c0345,changethesubject.mba,available,19.99,,medium,low,18,name.com,,
77507c1f-16bf-4b62-af67-b1f159acb0ea,official.mba,available,19.99,,high,low,8,name.com,,
2ea424f6-d24d-4568-85b6-1c68b294165f,fascinated.mba,available,19.99,,high,low,10,name.com,,
c136be25-bf09-4426-a2bf-ed0c10ec2a6a,arcuate.mba,available,,,medium,low,7,,,
3f07a0eb-438d-4f40-a48f-49800294c044,maudlin.mba,available,,,medium,low,7,,,
7f805798-e27b-4043-9bc9-e3c58bfc7a27,terminalhair.mba,available,19.99,,low,low,13,name.com,,
85e3620d-fc35-4782-b00b-5c518fc6403b,cultivable.mba,available,,,medium,low,10,,,
3398e710-49bb-4815-9ddf-b4d5920a59b5,noone.mba,available,19.99,,high,low,6,name.com,,
2dc91dd1-939f-414c-aaa6-ab568e434f32,diplomate.mba,available,19.99,,high,low,9,name.com,,
24e6288d-9855-4d5c-aac0-488d0e37243a,pending.mba,available,19.99,,medium,low,7,name.com,,
7a5f2e41-6835-474f-bd8f-5d4b86132eff,employee.mba,available,19.99,,high,low,8,name.com,,
089e84c9-03fd-47d0-9601-cb9a66dd1bf0,lend.mba,available,19.99,,high,low,4,name.com,,
4b2c6133-a34e-49cf-98af-a5f4e761bef5,lyric.mba,available,19.99,,medium,low,5,name.com,,
7bf10e45-abbd-45d3-abd7-50c9408256d8,barky.mba,available,,,medium,low,5,,,
d89e5c03-5293-4caa-bfbb-99b9dd853c5a,goodfortune.mba,available,19.99,,high,low,12,name.com,,
277a0dd4-2d20-498a-b862-228623ae7a81,table.mba,available,19.99,,high,low,5,name.com,,
55caba57-2c44-4c5d-a929-5fca4c39a799,noway.mba,available,19.99,,medium,low,6,name.com,,
fa676f2f-b9fa-4de0-815a-714eb9f979bd,aneuploid.mba,available,,,medium,low,9,,,
b1e7c1fb-7b89-4b93-9288-cf4d4525f81f,teetotalism.mba,available,19.99,,low,low,11,name.com,,
6477753f-bd5d-4787-b623-1fada2dde959,forgive.mba,available,19.99,,high,low,7,name.com,,
dd931bfa-dc72-4f96-ae28-083c0f8c05bb,suntea.mba,available,19.99,,high,low,7,name.com,,
abe7aad7-805d-49d7-9c17-a80c623c2cf4,havetherighttime.mba,available,19.99,,medium,low,19,name.com,,
2ca01ee8-c12e-497d-947d-e85ebbf84e02,dirt.mba,available,19.99,50.99,medium,low,4,name.com,,
9185bd9e-7d5e-48cb-8b22-18b83064c177,summary.mba,available,19.99,50.99,high,low,7,name.com,,
ba66c9bd-af14-4c50-b004-116c28b28008,genesis.mba,available,19.99,,medium,low,7,name.com,,
6a883338-5719-4a3a-9d4f-3d2a46618769,leave.mba,available,19.99,,high,low,5,name.com,,
f75bb04f-8bd0-46b4-8b84-70018fe4905b,manyatime.mba,available,19.99,,medium,low,11,name.com,,
819d0176-8e59-4161-987d-3de6287ca878,sundeck.mba,available,19.99,,high,low,8,name.com,,
123b9b9e-b5da-4cd1-a90d-42cf9a54fb3b,WestHill.mba,available,19.99,,low,low,9,name.com,,
c6dd6972-d496-4480-b305-a62bae9a8232,yeah.mba,available,19.99,,high,low,4,name.com,,
123c6eee-c906-4a01-9898-5277f4561938,past.mba,available,19.99,,high,low,4,name.com,,
b5128a3a-833e-48df-8c5c-c002287caef5,publicservant.mba,available,19.99,,high,low,14,name.com,,
4cbbcb2c-4466-46ef-a54c-fe327a25d13a,confounded.mba,available,,,medium,low,10,,,
0d7074bf-291d-4c5b-a0a3-63aa414ef4b0,slanted.mba,available,,,medium,low,7,,,
709ff1fe-719d-423e-bffe-b26ca367ad8e,DJIA.mba,available,19.99,,medium,low,4,name.com,,
3cc12b44-d4be-4ac3-bf4f-d8c4088f7b36,gardengnome.mba,available,19.99,,high,low,12,name.com,,
56a19a14-d3e6-4c31-af4d-0702a88ce3ba,apothecial.mba,available,,,medium,low,10,,,
71543d54-f1ea-4689-85bc-4dd6926d6eda,autarkic.mba,available,,,medium,low,8,,,
b017e4eb-1f14-4a58-8c2b-62d7340d430f,albitic.mba,available,,,medium,low,7,,,
e26ce523-b13e-430e-a94d-94059da31a14,pointofview.mba,available,19.99,,low,low,13,name.com,,
a11d7175-f4a8-4ebf-9943-d7b512df2a33,repugnant.mba,available,,,medium,low,9,,,
f3512d95-5c1b-4b3b-9367-b1043165eba7,analogy.mba,available,19.99,,high,low,7,name.com,,
ed8cb14d-2061-4c46-a00b-8902928452ae,adiabatic.mba,available,,,high,low,9,,,
6ac4aba3-9c5f-4e0e-b6bd-b2fcf2a02b15,biggame.mba,available,19.99,,high,low,8,name.com,,
0fcd5f95-6f47-4a0f-b720-5ca3f021e32b,touchdown.mba,available,19.99,,medium,low,10,name.com,,
6e296226-eb25-44c3-88ca-58d1c5bc6ec4,sixtieth.mba,available,,,high,low,8,,,
65cf91ae-8fcf-42c2-ab52-e0ba3bdfaddb,lxiv.mba,available,,,medium,low,4,,,
ade126a6-7e08-4f89-9202-54752d2090e5,ataractic.mba,available,,,medium,low,9,,,
7ef6a1ff-d511-48cb-bba2-0d625443b7c7,bigdeal.mba,available,19.99,,high,low,8,name.com,,
76c6b335-8fc2-4d71-a0be-f362a15d8f6c,Volvo.mba,available,19.99,,high,low,5,name.com,,
e0b6cb66-34cc-48c7-84df-b6261179261f,supersize.mba,available,19.99,,high,low,9,name.com,,
9189dc6d-6a73-48ec-a8c7-c7f354cd0cbe,teacher.mba,available,19.99,,high,low,7,name.com,,
6964c9ad-c9bd-4bc9-a858-d5449de7749e,recumbent.mba,available,,,high,low,9,,,
cc858fc9-f5a0-4105-8dae-42c319fc8414,very.mba,available,19.99,,high,low,4,name.com,,
5726b843-ef89-451a-9b91-562d0f0c84d3,sortof.mba,available,19.99,,medium,low,7,name.com,,
eec982f2-d890-4a4a-8380-79f72b57d124,violetgold.mba,available,19.99,,low,low,11,name.com,,
178cf2db-d23c-4858-96a3-7c8efcb96cda,visible.mba,available,19.99,,high,low,7,name.com,,
6d663fdd-e3cd-4207-9b3f-70f31c17d099,crash.mba,available,19.99,,high,low,5,name.com,,
7cc49649-5b10-47ec-8c71-644087c59958,intimate.mba,available,19.99,,high,low,8,name.com,,
0409eb4c-1152-48d2-8268-7b3ae47538f2,brag.mba,available,19.99,,high,low,4,name.com,,
71821d38-d751-4bc8-be7c-8feb76df18a3,atthispoint.mba,available,19.99,,medium,low,13,name.com,,
f600f980-2b46-4616-b414-9e7a6cfa27ff,force.mba,available,19.99,,high,low,5,name.com,,
02398b4a-112a-4b53-a96d-4122bb5af3d4,cooldown.mba,available,19.99,50.99,high,low,9,name.com,,
d535f956-7cee-4362-857e-3a0167d2c2b8,gobad.mba,available,19.99,,high,low,6,name.com,,
e17aff33-f39e-411e-98ee-6c6f2515e9b0,brass.mba,available,19.99,,high,low,5,name.com,,
02510f74-6ea2-44b1-abf0-9fa434ef6250,irrelevant.mba,available,19.99,,medium,low,10,name.com,,
0c5fdf48-ec55-4807-b2b1-6e103fd6a0dc,collision.mba,available,19.99,,medium,low,9,name.com,,
0715e0be-95d2-40f0-9ced-167fc1f11ba3,sliding.mba,available,19.99,,high,low,7,name.com,,
f5868ccc-d7c6-418b-930a-395fa39d05f9,annually.mba,available,19.99,,medium,low,8,name.com,,
7de2f001-d37c-4fb2-ad19-71f424bcf384,awed.mba,available,,,medium,low,4,,,
093b1cb2-c589-42de-8fc0-3f51d72c320a,interact.mba,available,19.99,,high,low,8,name.com,,
b4ff735f-6512-454f-8632-e0e51ed25741,whichiswhich.mba,available,19.99,,low,low,14,name.com,,
85cc1cc6-3698-4264-a916-9f432e1f9ace,favorite.mba,available,19.99,50.99,medium,low,8,name.com,,
91f0235e-8c60-4998-8f10-569a5719d099,front.mba,available,19.99,,high,low,5,name.com,,
2c86de5e-d7c7-439d-81ff-c03bb1496907,earmark.mba,available,,,high,low,7,,,
d2c8c2e6-9689-40c9-92ef-c75adedc0fad,ameboid.mba,available,,,high,low,7,,,
829fcd9b-d404-42d0-a55d-3ec9a7c0d010,LettersandScience.mba,available,19.99,,high,low,19,name.com,,
f463c6bd-c78a-4788-a53e-9c1b83f3e610,frozenfood.mba,available,19.99,,high,low,11,name.com,,
9846d67b-2cad-4c78-967d-fd6fa2ccc578,StPauls.mba,available,19.99,,medium,low,8,name.com,,
02bfa49c-7566-4be2-8709-6111102d9abd,cuba.mba,available,,,medium,low,4,,,
98692769-4468-42ec-a54f-2dfc53d9bbbe,airless.mba,available,,,medium,low,7,,,
c6e2c4c2-4085-43ba-a491-05ecf25a86cf,established.mba,available,19.99,,medium,low,11,name.com,,
18611bf5-81cc-4628-9c31-c5ddca2e0342,antiphonal.mba,available,,,medium,low,10,,,
f44e552f-7bdf-463c-bbf6-28dcde42acd3,thickandthin.mba,available,19.99,,low,low,14,name.com,,
e96f25ea-ae61-496a-a8d7-31c3fdd67938,matter.mba,available,19.99,,medium,low,6,name.com,,
254533c0-e14f-4330-b0aa-9b2f2749af0b,twothirds.mba,available,19.99,,low,low,10,name.com,,
91d6c98d-134f-4b6f-8229-86614ff22f8c,seeingthat.mba,available,19.99,,medium,low,11,name.com,,
3d192808-563f-435c-bae6-77fe93811545,argentic.mba,available,,,medium,low,8,,,
46e39e6e-4491-4696-a84a-fc80f62f259a,car.mba,resell,,,high,medium,3,"Chengdu West Dimension Digital Technology Co., Ltd.",19/04/2018 00:12,19/04/2027 00:12
8f3b9380-04f5-48e7-8f70-7a3a4db3ec64,too.mba,available,19.99,,high,low,3,name.com,,
4dfca7c3-fe63-4a13-acf8-12e9160acdc1,antipodal.mba,available,,,medium,low,9,,,
58d33466-9751-439e-a9b3-3cedacb3ca7d,learnt.mba,available,19.99,,medium,low,6,name.com,,
92643d57-95b8-42df-81c1-4a417d2b650d,butter.mba,available,19.99,,high,low,6,name.com,,
ebdb1c04-5c84-4016-872c-d8a4e8fcc2b6,numbers.mba,available,19.99,,high,low,7,name.com,,
1538257a-72b3-49ab-9891-9322d4205b7f,soundbar.mba,available,19.99,,high,low,8,name.com,,
3898f7c6-8f2b-4936-99d1-4559d64da1bd,croptop.mba,available,19.99,,high,low,8,name.com,,
8b9b62c1-906a-4e2a-8bc4-a26e567028bb,away.mba,available,19.99,,high,low,4,name.com,,
66b501c3-5cdf-412c-81e0-27a92f37119e,permutation.mba,available,19.99,,low,low,11,name.com,,
69675754-ce5d-469c-b9ff-28a2c07151fe,drinkup.mba,available,19.99,,high,low,8,name.com,,
2dd0a47f-1aa5-40c9-a543-c3041a04ba2e,bahai.mba,available,,,medium,low,5,,,
78d0c18f-b458-4735-a4ae-0a7386955fe7,lawyer.mba,resell,,,medium,low,6,"NameCheap, Inc.",17/02/2026 13:02,17/02/2027 13:02
b9d82925-4261-4386-8dcf-68b8cbab70cd,missionaccomplished.mba,available,19.99,,medium,low,20,name.com,,
2039be31-21af-4c59-a413-90e40525efe7,chiaseed.mba,available,19.99,,high,low,9,name.com,,
21f1d58a-c3e4-49c8-8618-d9d651b5ce8c,claim.mba,available,19.99,,high,low,5,name.com,,
9e88c218-80b4-4b4a-90ba-a5edcfe9b691,beery.mba,available,,,medium,low,5,,,
dd22299a-77ac-4ea5-bdaf-92803bb7631e,algonkin.mba,available,,,medium,low,8,,,
6e6b41f4-bcf5-41ed-bac2-a0938d723aa2,soupy.mba,available,,,medium,low,5,,,
efea688b-b5f3-44a9-8d05-606bde84c05b,nutritious.mba,available,19.99,50.99,high,low,10,name.com,,
731b3f44-10d6-46a0-9211-c4bb6ff05450,hamburger.mba,available,19.99,,high,low,9,name.com,,
17a5b716-e320-4754-89a2-7e4c65b50215,memorise.mba,available,19.99,,high,low,8,name.com,,
84ff4615-fdc4-463a-a1ab-964a0400890d,stamp.mba,available,19.99,,medium,low,5,name.com,,
d7815f61-5ff4-482e-8cf9-cda42b95477b,keepitreal.mba,available,19.99,,high,low,12,name.com,,
836a0547-a88f-450d-9315-ea09f647eb3c,discord.mba,available,19.99,,high,medium,7,name.com,,
398f2758-ce91-49d3-bc1b-41ce36001848,stability.mba,available,19.99,,high,low,9,name.com,,
0a570467-6c62-46e0-84d4-a841a40c85ed,countless.mba,available,19.99,50.99,high,low,9,name.com,,
29852f03-6377-4368-b90c-e516a14798ed,sushi.mba,available,19.99,,high,low,5,name.com,,
bed399f8-fcf7-4ef5-9fd3-4fd0aa3f143b,contest.mba,available,19.99,,high,low,7,name.com,,
a0974a5d-bdc1-4aa5-9970-9c85709008f9,threesome.mba,available,,,medium,low,9,,,
8e88266e-e5aa-4dbd-a768-cc8158448098,tohell.mba,available,19.99,,low,low,7,name.com,,
016d4165-06ec-4dc8-9991-8036fa48ab76,acetous.mba,available,,,medium,low,7,,,
92e387d9-2413-4a19-b631-2077147259be,atthesightof.mba,available,19.99,,medium,low,15,name.com,,
01621b3d-4164-4630-825c-9a78bd6415d0,auricular.mba,available,,,high,low,9,,,
99dc6baa-ecc9-419a-9b55-7e80ca608c2e,pledged.mba,available,19.99,,medium,low,7,name.com,,
7e29bc1c-4229-487c-a679-01ca9e892c50,asserted.mba,available,,,medium,low,8,,,
58e329c5-3957-40e6-a7c8-21cdb22e6d43,organization.mba,available,19.99,,medium,low,12,name.com,,
d1b789d7-6099-4e8c-8767-9a2120737c37,adhoc.mba,available,,,medium,low,6,,,
d61aed0d-9dba-42fe-b16b-f2117cfd1dfb,documented.mba,available,19.99,,medium,low,10,name.com,,
a2aaf4e5-a00c-4aa3-8e44-65c0ba61e4e6,bacterioid.mba,available,,,medium,low,10,,,
be2baa70-ba36-4418-8a9a-5baed0f17a89,lazuline.mba,available,,,medium,low,8,,,
a60d4f0c-b79f-4d3c-b176-e4dab7acfece,few.mba,available,19.99,,high,low,3,name.com,,
a2c195b2-4dc8-4e48-9d1b-a9e30874f7ca,announce.mba,available,19.99,,high,low,8,name.com,,
b2680692-c969-48b0-ad0d-cf9c4ae07a08,gram.mba,available,19.99,,medium,low,4,name.com,,
0ec73c71-1b32-40f7-a5c8-6ad3ec1822d7,intrigue.mba,available,19.99,,high,low,8,name.com,,
74badf91-2432-4e1e-a17d-4c1c71668c04,otherwise.mba,available,19.99,,high,low,9,name.com,,
f69f37dc-5f2d-4769-8886-c9eefbb3f61a,roundabout.mba,available,19.99,,low,low,11,name.com,,
f37a9231-2fb0-4b0c-872f-0eab3889ba02,vivid.mba,available,19.99,,high,low,5,name.com,,
ff0d9db0-a2a6-4885-a576-5ab6d97fcdbf,arty.mba,available,,,medium,low,4,,,
7219f79e-599e-4989-a578-48005733169e,rulesarerules.mba,available,19.99,,medium,low,15,name.com,,
df2c4510-f87d-415f-af87-683cb27917f1,dissolve.mba,available,19.99,,high,low,8,name.com,,
5ebed8b8-4f6c-46ce-90cc-aed2766065aa,apart.mba,available,19.99,,high,low,5,name.com,,
6e7eb2b9-77f3-493f-9555-15da90fe5b34,bedridden.mba,available,,,medium,low,9,,,
dca03ce2-4ed9-42a0-a5d8-8e4040f56300,freshasadaisy.mba,available,19.99,,medium,low,16,name.com,,
7889dc8a-fcee-4e86-b5aa-8955dd764e2d,freshair.mba,available,19.99,,high,low,9,name.com,,
26179588-9093-47cd-aeeb-e10a1f500da7,allopathic.mba,available,,,medium,low,10,,,
d950b5e0-d114-4b12-801e-7f5121cb505d,amerind.mba,available,,,high,low,7,,,
324bd9cb-0d93-4b79-bbe9-2d07fe1d7bc4,airpollution.mba,available,19.99,,medium,low,13,name.com,,
5482d4ef-fec8-4971-ab51-202228f15822,organs.mba,available,19.99,,high,low,6,name.com,,
18a1a2a7-66ac-45fc-80f3-ef82c0f115ba,anall.mba,available,19.99,,medium,low,6,name.com,,
9b89ce09-82c9-4df0-bea8-6767af35c6a9,period.mba,available,19.99,,high,low,6,name.com,,
10fe8ee3-8162-4646-b56e-6c5d78bbba03,babybottle.mba,available,19.99,,high,low,11,name.com,,
4cdfdfdd-8b8d-47ed-aec4-49e684cc073a,squirrel.mba,available,19.99,,high,low,8,name.com,,
f7f1d716-0de0-47e8-84e0-f0fd38ffeb61,setose.mba,available,,,medium,low,6,,,
bad23a37-96d9-4b70-baee-0bb9970af84a,bacchant.mba,available,,,medium,low,8,,,
dfb1f9c9-bd05-45dc-b75a-a58dd0b96f87,confusion.mba,available,19.99,,medium,low,9,name.com,,
e9afba0b-5f39-4bef-9cd0-7fddaaa06e78,hard.mba,available,,,medium,low,4,,,
7b4a0cde-48be-4947-acad-7c258d71b878,arguseyed.mba,available,,,medium,low,10,,,
c81be054-8716-467a-b23b-b399e8753a31,befogged.mba,available,,,low,low,8,,,
c39ccbe8-4077-47a3-8c25-fa6a1f508fe8,based.mba,available,19.99,,high,medium,5,name.com,,
2ad39572-bcaa-4407-9aaf-5c6d3641251a,medication.mba,available,19.99,,high,low,10,name.com,,
50b7b66f-580b-410b-8728-cadbe175e43e,Fla.mba,available,19.99,,medium,low,3,name.com,,
f77d19c8-8d22-4ac2-9b80-dcc11a4fd6c2,sunbeam.mba,available,19.99,,high,low,7,name.com,,
54f42cd0-f759-4027-8a67-0b0b3021ddee,clergy.mba,available,19.99,,medium,low,6,name.com,,
cb09bd72-65da-482e-abd4-d0c80208ceae,attested.mba,available,,,medium,low,8,,,
9fcc3926-f7bb-428b-af67-096be56aaaba,beamy.mba,available,,,medium,low,5,,,
fbabb1f7-82eb-4ff4-8ae3-3b27249218a2,veg.mba,available,19.99,,high,low,3,name.com,,
6a388f57-a80e-43b8-a03c-7a573407eaf6,applaud.mba,available,19.99,,high,low,7,name.com,,
e53db98b-496b-4ec4-9864-5c75dda13835,acknowledged.mba,available,19.99,,medium,low,12,name.com,,
23dc29f3-840d-438b-8ea2-b1c0c87a2cdc,chocolatetruffle.mba,available,19.99,,high,low,17,name.com,,
4a7aac27-0522-4c6c-9464-45be1a146a5c,bringto.mba,available,19.99,,high,low,8,name.com,,
c50aed58-9864-4f69-be9c-df1b85245abf,undesirable.mba,available,19.99,,high,low,11,name.com,,
0a2f94d8-9af9-4c7f-bed6-80871e03f4a8,Misses.mba,available,19.99,,high,low,6,name.com,,
b089c36a-0bcb-48f9-9283-e2a5be84ef63,walkingstick.mba,available,19.99,,high,low,13,name.com,,
371530b1-ff9c-403d-a55e-f761ef1d4aba,suffer.mba,available,19.99,,medium,low,6,name.com,,
bd261942-cd53-46b3-a2ab-93d737762ced,atop.mba,available,19.99,,medium,low,4,name.com,,
9df348ae-7013-4888-9c5e-fc66507487fb,ricevinegar.mba,available,19.99,,low,low,12,name.com,,
d3b50e07-edb3-4422-972e-e3ef70a67291,howdoyoulikethat.mba,available,19.99,,medium,low,20,name.com,,
9b30bd39-9e3f-415b-9e13-b5975cd1bb16,stormy.mba,available,19.99,,medium,low,6,name.com,,
7ca6d63d-27e9-4be6-ac94-d212299498a1,entranced.mba,available,,,medium,low,9,,,
14fc79bc-b3f3-472e-97b6-fc0f00107d0d,woody.mba,available,,,medium,low,5,,,
13c718fe-6a0b-4af6-9cf6-ba1e18f73c69,airfreshener.mba,available,19.99,,high,low,13,name.com,,
6727f43d-cd58-4b0c-b82f-801487da8aac,seeming.mba,available,19.99,,high,low,7,name.com,,
70269fea-d181-492e-86f4-28c9abfebeb4,refundable.mba,available,19.99,,high,low,10,name.com,,
a56a56fe-c621-4c45-b903-fef048524ed9,female.mba,available,19.99,50.99,high,low,6,name.com,,
8af52305-b053-4578-b163-af31fc34cd6e,electric.mba,available,19.99,50.99,high,low,8,name.com,,
323ee084-01f0-4ae6-9804-12f4dfd02f74,taxswap.mba,available,19.99,,medium,low,8,name.com,,
84d96e5d-1210-4521-8f40-bf95286faab4,tragic.mba,available,19.99,,high,low,6,name.com,,
859e935c-f88d-41f7-a384-25bdce251d0c,equipped.mba,available,19.99,,medium,low,8,name.com,,
cbb7bdb8-6a53-4c4a-af20-e93aef0ecd04,rustic.mba,available,,,high,low,6,,,
b9fc5196-d2d6-4089-90e8-ecd0d3cd813d,responsive.mba,available,19.99,,high,low,10,name.com,,
ab06c9ea-a46e-4a31-956b-0754b5b28be4,twothumbsup.mba,available,19.99,,low,low,13,name.com,,
43d3e6ea-fdb9-477f-964a-04dd2fcc5014,curtain.mba,available,19.99,,high,low,7,name.com,,
8cccdf92-4edb-4104-8640-fa7af940d65e,outdated.mba,available,19.99,,medium,low,8,name.com,,
d457a400-9ca1-42b0-9550-1c9127a0d1fa,allseasontire.mba,available,19.99,,high,low,15,name.com,,
fcfd49fb-29c2-4836-9598-f6a3d5dca8e6,disco.mba,available,19.99,,high,low,5,name.com,,
6a38f65c-3a91-43f9-a92d-0c0bd32c49bc,begotten.mba,available,,,medium,low,8,,,
b6fcfd24-d05c-475e-a359-84330d49ceeb,psyche.mba,available,19.99,,medium,low,6,name.com,,
9f777b0a-7041-48a9-b611-28cde6184d63,ilxxx.mba,available,,,medium,low,5,,,
103aabf7-e155-43a4-8351-00a0f6973307,namenames.mba,available,19.99,,low,low,10,name.com,,
caa72a1d-f4be-439e-ae4e-6f5276b2fc92,goup.mba,available,19.99,,high,low,5,name.com,,
41c5a5c0-0a86-4b22-8236-6b4d8a7f4b47,mediocre.mba,available,19.99,,high,low,8,name.com,,
7a6f4803-1ea7-45c9-8eda-3ac9a00557e6,plus.mba,resell,,,high,low,4,"Xiamen ChinaSource Internet Service Co., Ltd",17/10/2025 16:22,17/10/2026 16:22
a0541152-fa3b-4db5-873f-ab0fcf2f73b7,aloud.mba,available,19.99,,high,low,5,name.com,,
c0888d72-815c-4bbb-9919-a99bf2598b55,impact.mba,available,,,high,low,6,,,
a0ccc8a5-d097-458a-b7c4-d9e9a9c7ee45,Latinalphabet.mba,available,19.99,,high,low,14,name.com,,
afed5198-000b-4fd7-81d6-3db239aca92a,pilot.mba,available,19.99,,high,low,5,name.com,,
fe2b8afb-a104-4dc8-a7d3-451589427497,crab.mba,available,19.99,,high,low,4,name.com,,
138460fd-ce63-4ab7-b5dd-fd96d922545c,review.mba,available,19.99,,high,medium,6,name.com,,
2e6b657c-9d40-4687-b69c-0a55bdb8cf73,pure.mba,available,19.99,,high,medium,4,name.com,,
4fb6d147-1c26-4c0a-81ba-fca658956cb0,arthritic.mba,available,,,high,low,9,,,
fde8df5c-5d9b-4b76-9ac5-73a08710d36a,ohmyGod.mba,available,19.99,,high,low,9,name.com,,
ff7d4f14-5a5d-4c09-a9f9-37f60355fe99,captain.mba,available,19.99,,high,low,7,name.com,,
3b754a35-ed74-43f5-98d2-2447ae66bf47,doyouknow.mba,available,19.99,,medium,low,11,name.com,,
a4295283-b318-4c66-a08b-3118bea12fe3,convince.mba,available,19.99,,high,low,8,name.com,,
41eb45ff-cb1e-4ed4-aab9-977fb6d638ab,attheoutside.mba,available,19.99,,medium,low,14,name.com,,
e6481f8d-73ba-4c17-8f60-1b6ef8314a5e,tweet.mba,available,19.99,,high,low,5,name.com,,
4fe0e07a-649d-4216-bd79-3e274b3cb8ff,install.mba,available,19.99,,high,low,7,name.com,,
293897ce-e93d-44ff-acb9-2ec254d01bc6,monetary.mba,available,19.99,,medium,low,8,name.com,,
e11cd754-c28b-42a7-8662-c8cce272edaf,accurately.mba,available,19.99,,high,low,10,name.com,,
a428e8b1-871f-4221-9c51-ce5a7e6674a1,amoristic.mba,available,,,medium,low,9,,,
a428eddc-424e-4802-8aae-bb5f2206ea4b,condiment.mba,available,19.99,,high,low,9,name.com,,
e8c993b4-24b0-4a10-a8a5-9fe44c0b0dc4,sympathise.mba,available,19.99,,high,low,10,name.com,,
89e3885c-09d0-407e-a6ae-cbad26bf2226,sharpeyed.mba,available,,,medium,low,10,,,
81d42cc9-4c49-4266-8fd3-5b19860c98a0,venerable.mba,available,19.99,,high,low,9,name.com,,
8663f3f5-2d4c-471e-a4f7-6d5e1cca047b,alaska.mba,available,19.99,,high,low,6,name.com,,
f55ce017-ec53-4f7a-8736-31b790236a0f,mask.mba,available,19.99,,high,low,4,name.com,,
093ed94e-1296-4518-b1d1-e05b67c3ab99,bland.mba,available,19.99,,medium,low,5,name.com,,
73bac6d7-d1ca-4410-b865-deb6a8d08690,gearchange.mba,available,19.99,,high,low,11,name.com,,
8020e0c9-f93f-48b9-a2e0-efbc32e6f88f,start.mba,resell,,,high,medium,5,"NameCheap, Inc.",01/10/2021 17:00,01/10/2026 17:00
106b17b0-1b11-4a2b-a857-c94a2dd0f635,unbearable.mba,available,19.99,,medium,low,10,name.com,,
6a767869-a457-49e8-875a-e673fbe8963e,place.mba,available,19.99,,high,low,5,name.com,,
e2204967-0ef3-4b75-a70a-927ee1699d9a,financial.mba,premium,42.9,42.9,medium,low,9,namecheap,,
0fbfeb74-6e03-4c4d-aafa-10a4582135ec,former.mba,available,19.99,,high,low,6,name.com,,
0432e864-335f-429b-b56a-7e48bf3c8119,generalsurgery.mba,available,19.99,,high,low,15,name.com,,
1526b8ad-b5c7-4ab2-b9c7-6d1d15e17559,Panasonic.mba,available,,,high,low,9,,,
5817956c-cf79-472a-81d0-0fcc1afe2e79,boo.mba,available,19.99,,high,low,3,name.com,,
f1067aed-89ee-4547-93ab-14ad453f7198,judges.mba,available,19.99,,medium,low,6,name.com,,
5baecd9a-ec55-4f2c-b786-0a0a3ea9fa71,sweetandsour.mba,available,19.99,,high,low,14,name.com,,
0b2b8b3b-9af3-4f39-bef0-6457a8091d02,alleviated.mba,available,,,medium,low,10,,,
4d5fc75a-3257-4260-b3a9-fd7dc3747320,autumn.mba,available,19.99,,medium,low,6,name.com,,
f60d2bb4-464e-481c-9066-644775b01e52,scripted.mba,available,19.99,,medium,low,8,name.com,,
ccc1d7a0-d367-4037-8660-801ef651e929,breakroom.mba,available,19.99,,medium,low,10,name.com,,
be60fe7b-f67b-44f3-bf3e-e02dfe49dd28,esthetical.mba,available,19.99,50.99,high,low,10,name.com,,
c8b2f522-33b1-424a-878c-05b73595a0c3,stunned.mba,available,19.99,,medium,low,7,name.com,,
f1c0cdb9-2c97-47ac-aa30-622dac8cfde0,callcentre.mba,available,19.99,,medium,low,11,name.com,,
425f19d4-d94c-4a0f-a95b-7352c8eed384,dogtoothgrass.mba,available,19.99,,high,low,14,name.com,,
0bd54f4c-35c8-4be0-9bd4-bdd7dbc72aa4,attorney.mba,resell,,,high,low,8,"NameCheap, Inc.",17/02/2026 23:07,17/02/2027 23:07
f50996bd-08fb-4174-b28f-a6bafc2e0698,interpret.mba,available,19.99,,high,low,9,name.com,,
2972b6e2-2848-4e46-8242-cfa73d43befc,thisisit.mba,available,19.99,,low,low,10,name.com,,
0f44b1e5-7ba9-4f9e-a0aa-2c4fdf2f808b,trousers.mba,available,19.99,,medium,low,8,name.com,,
ab51374a-5ca7-454d-8ccb-c38d639da76f,Shrek.mba,available,,,high,medium,5,,,
57380d55-70c9-4fc6-bb39-3e36289511e4,cheap.mba,premium,242,242,high,low,5,namesilo,,
6e615a9a-032d-4d4d-afb1-b7b01538ec63,wrongcrowd.mba,available,19.99,,medium,low,11,name.com,,
7086b2d1-2936-45bb-84a6-8c6627b278e3,verbal.mba,available,19.99,,high,low,6,name.com,,
93c339fc-d3d6-443e-9005-6b74f65e9423,burden.mba,available,19.99,,medium,low,6,name.com,,
cca406d4-e499-45ff-a7f1-55b3f165413c,arresting.mba,available,,,medium,low,9,,,
92fda3d6-21c1-4d84-a41c-47ae54499c21,participant.mba,available,19.99,,high,low,11,name.com,,
d383f65c-dec5-4557-a9d6-9a428ba33a29,ammonitic.mba,available,,,medium,low,9,,,
638f4633-a164-436c-a36a-704124e1c33e,behind.mba,available,19.99,,high,low,6,name.com,,
dbd20d5d-12df-44ab-b95e-06f2128f0ad4,barbecued.mba,available,,,medium,low,9,,,
41a30534-0b84-4275-9efd-aa9a72588218,peaking.mba,available,19.99,,high,low,7,name.com,,
821a2deb-811b-44ec-b53c-9d0c09131d16,PubMed.mba,available,19.99,,high,low,6,name.com,,
197eca1b-5a54-48a9-84cc-a31dfc8f3baa,takeonboard.mba,available,19.99,,medium,low,13,name.com,,
c0af9810-30d1-4b81-8fb2-49fc9a6476fe,low.mba,available,19.99,50.99,high,low,3,name.com,,
fa1c652c-bb42-438a-9cd1-9c85fdc131c1,biddable.mba,available,,,medium,low,8,,,
c06c6916-bf43-4f54-8c7d-60608736f311,extensive.mba,available,,,medium,low,9,,,
e7ee71af-366b-4512-b6dd-a23d2e74692e,amygdaloid.mba,available,,,medium,low,10,,,
21390002-c2bf-4003-b202-f5535c30aadb,respondent.mba,available,19.99,,high,low,10,name.com,,
b2c4ebe5-aa3a-487e-8c58-16b35dc2a423,ofcourse.mba,available,19.99,,medium,low,9,name.com,,
afb4a450-2849-45b7-8422-0ad8b080c52e,legend.mba,available,19.99,,high,low,6,name.com,,
14dbbacc-f7f8-40b9-9834-c4c0128101e6,hotshot.mba,available,19.99,50.99,high,low,7,name.com,,
b82b7347-4982-48f6-9ce5-a9c12ab45afa,sit.mba,available,19.99,,high,low,3,name.com,,
c67aedcc-68b9-4123-a7d9-c7fc80c94c45,proficient.mba,available,19.99,50.99,high,low,10,name.com,,
dd40f41c-709b-41d1-a324-4b4210da8cf9,cleaner.mba,available,19.99,,high,low,7,name.com,,
88b461f9-76a2-44cc-845f-64ff55a76248,respectfully.mba,available,19.99,,medium,low,12,name.com,,
7fda859b-7f5a-447c-a685-c5b28fd89d07,outofdate.mba,available,19.99,,low,low,11,name.com,,
13e4de57-d3e0-4c78-9368-c2fd0ae935fb,thread.mba,available,19.99,,high,low,6,name.com,,
e65acd38-5005-4f81-9a99-10ca6464661a,verywell.mba,available,19.99,50.99,medium,low,9,name.com,,
e7d36a20-a0b4-4a2b-b03b-3b189aab74d4,trimdown.mba,available,19.99,,medium,low,9,name.com,,
2fa75d2f-17b4-4475-8c06-b12d93c723b4,revolt.mba,available,19.99,,high,low,6,name.com,,
528a5c33-8777-415e-8e13-6680d1ae5865,chanukah.mba,available,19.99,,medium,low,8,name.com,,
4d2e5b19-4475-4c5f-89dd-a10937d2247c,cement.mba,available,19.99,,medium,low,6,name.com,,
23c7fb37-47b1-48f7-8684-a5f42eb7bd99,dispose.mba,available,19.99,,high,low,7,name.com,,
89a29551-b750-4712-8c3e-8b5cf8bf6891,ifallen.mba,available,19.99,,medium,low,8,name.com,,
1b021e69-2f29-40bf-bee2-9910151dd4e4,eyes.mba,available,19.99,,high,low,4,name.com,,
1a8b91b7-1b16-4c40-bd30-322d4c4d3434,banausic.mba,available,,,medium,low,8,,,
311ec358-61cf-41fa-9af1-919c44d53c63,applicable.mba,available,,,medium,low,10,,,
e429fce3-21ad-460a-8184-15cd170fcf21,manageable.mba,available,19.99,50.99,high,low,10,name.com,,
377061ef-7dd7-4daa-a3de-bc73fb279f5c,xviii.mba,available,19.99,50.99,medium,low,5,name.com,,
d1cbb7cd-7d59-4dd2-badb-86e3119a64c1,businesslunch.mba,available,19.99,,high,low,14,name.com,,
4b9c2c41-4a9a-4589-ba73-d5a2dc224508,eventhough.mba,available,19.99,,medium,low,11,name.com,,
cfd43c5d-c198-445c-abf3-bc3844b2b36b,roots.mba,available,19.99,,high,low,5,name.com,,
12e62200-b328-497f-8073-72ef9e0898cc,wave.mba,resell,,,high,medium,4,"Sav.com, LLC",02/08/2025 16:32,02/08/2026 16:32
8156b29e-dcfa-4e28-ab49-747634c76291,guest.mba,available,19.99,,high,low,5,name.com,,
3eb31f29-af3e-40d2-893b-77d207e219d5,vicious.mba,available,,,medium,low,7,,,
5aa8f7af-c2f9-4d73-9e9e-a0c426715667,pricelist.mba,available,19.99,,medium,low,10,name.com,,
4523fadc-9a03-4757-bf83-207b8195139b,wintertime.mba,available,19.99,,medium,low,11,name.com,,
a6b1c724-127d-4ef9-b987-c0a8677c0930,altricial.mba,available,,,medium,low,9,,,
9aba610d-b570-4e15-afbf-f8cdc30c2128,tooshie.mba,available,,,medium,low,7,,,
9efd4312-0ac4-4d48-9aca-3ae05b62c858,graphics.mba,available,19.99,,high,low,8,name.com,,
f125eb29-5e6a-4b6e-a64a-fcf39b4446e7,gooff.mba,available,19.99,,medium,low,6,name.com,,
956693cf-bc73-4218-b839-86559be2748f,begrimed.mba,available,,,low,low,8,,,
871fac13-a35f-49b7-9045-4e6938e0ff2d,premiere.mba,available,19.99,,high,low,8,name.com,,
491d27dd-1a6c-4c23-aff4-62b4f471081e,atomic.mba,available,19.99,,high,medium,6,name.com,,
310c553a-4273-491f-999f-1252f9e10c30,therealityis.mba,available,19.99,,low,low,14,name.com,,
0c0a7daf-2ff3-4021-a9ac-83753e2d1b60,animals.mba,available,19.99,,medium,low,7,name.com,,
37739a5c-4d59-429a-a246-f09f7fbb2927,premarital.mba,available,19.99,,high,low,10,name.com,,
e94c9c94-7130-4dde-b489-acac4e395b27,pestering.mba,available,,,medium,low,9,,,
a070aeb5-6032-4359-b112-924ae9bdd9b9,aft.mba,available,,,medium,low,3,,,
bd8ee037-218c-4f44-a37f-c37ef0fa88cb,coconut.mba,available,19.99,,high,low,7,name.com,,
dd15cf44-2719-44ad-8d17-f5a3d51cb643,confuse.mba,available,19.99,,medium,low,7,name.com,,
c8453d9c-a5e7-4153-b3a7-3aa0804236f6,absolved.mba,available,,,medium,low,8,,,
1949d690-a660-4920-82c0-c2850953d2f2,soothing.mba,available,,,medium,low,8,,,
4466e542-7456-47e6-a070-cdeb9e2d1b42,aesthetic.mba,available,19.99,50.99,high,low,9,name.com,,
15e5177b-3e76-48ee-87e6-a3fbbb6450aa,animate.mba,available,19.99,,high,low,7,name.com,,
9dff01fd-e7e9-414c-a54e-745a1629e2cd,donut.mba,available,19.99,,high,low,5,name.com,,
ff856831-a4fc-44d5-82a0-811d7f756997,mushy.mba,available,,,medium,low,5,,,
1ee6ede3-be1e-48dd-9bcf-2c7e0a0d65df,whatthehell.mba,available,19.99,,low,low,13,name.com,,
bb24a1ff-099b-478f-b02a-50173fd7d0cb,armenian.mba,available,,,high,low,8,,,
9c8d22bd-ec87-4510-bbfe-50599f0aac17,atworst.mba,available,19.99,,medium,low,8,name.com,,
f644575a-4cd6-49db-8711-2bbb07c6fe2c,armoured.mba,available,,,medium,low,8,,,
51400be8-9210-42ec-b022-21586034b05a,wouldlike.mba,available,19.99,,low,low,10,name.com,,
8b24e2a5-17d2-49be-a0cd-d82094ee57e9,attachment.mba,available,19.99,,high,low,10,name.com,,
eab6a8f4-03b4-4aec-9857-66bda3e758f5,fall.mba,available,19.99,,medium,low,4,name.com,,
6387eab7-2392-4655-9ad1-89b7286039e8,cinnamon.mba,available,19.99,,medium,low,8,name.com,,
ee777461-33fe-4e4d-97a1-6992cf1dc03d,structure.mba,available,19.99,,high,low,9,name.com,,
1770ce68-46f4-4707-83b3-6762db39f1fa,sperm.mba,available,19.99,,high,low,5,name.com,,
476ccefb-00a7-41df-a920-0edd535d17a1,list.mba,available,19.99,,high,low,4,name.com,,
aae0057a-cbef-4dfd-9b9d-8d1de67922f8,infuriated.mba,available,,,low,low,10,,,
0e8d03dc-47d5-4560-9004-7071943ce13c,limestone.mba,available,19.99,,medium,low,9,name.com,,
184976ed-f766-4d6b-b96a-0eef1fa25a20,grown.mba,available,,,medium,low,5,,,
234c01eb-4462-4565-b26d-be14f2821108,consequent.mba,available,,,high,low,10,,,
3ae59b93-6546-4d97-b84e-29fe4c9d1fe6,disconnect.mba,available,19.99,,high,low,10,name.com,,
c6803c23-ed50-4298-ad5d-09bc6749fdf4,aroid.mba,available,,,medium,low,5,,,
93f407fa-b994-4c24-8987-cdf9c28bcc44,healing.mba,available,19.99,,high,low,7,name.com,,
e9c1dce6-9bc6-4bd4-8549-a230d8df8c6b,backmost.mba,available,,,medium,low,8,,,
19f4c573-f0f2-4859-8fdf-7c6449640a28,leisure.mba,available,19.99,,high,low,7,name.com,,
e5b6c048-c36f-4160-9270-a040d987e38b,tile.mba,available,19.99,,high,low,4,name.com,,
cc450e2e-cf80-4871-be53-5d4eecc50252,citylights.mba,available,19.99,,medium,low,11,name.com,,
5fa5c8d3-dfe7-428b-afd4-e6aea8a45c6d,antacid.mba,available,19.99,,high,low,7,name.com,,
af8b844e-95b4-406b-b195-d38379e9284d,divide.mba,available,19.99,,high,low,6,name.com,,
4a407b8d-4a9b-46cf-9ce3-621b9ac83537,diligent.mba,available,19.99,50.99,medium,low,8,name.com,,
8ae4b3e3-692a-47cf-bb8c-b2d8e5ccf8bc,youthink.mba,available,19.99,,low,low,9,name.com,,
443abee9-7240-4568-a7d6-17e4d61faf0b,thousand.mba,available,19.99,50.99,high,low,8,name.com,,
881497bc-13cc-40b9-b577-4bc364025582,conventionally.mba,available,19.99,,medium,low,14,name.com,,
93a55323-2e3a-4d50-8cd3-de4f53d2a885,verbs.mba,available,19.99,,low,low,5,name.com,,
7dee67c4-a13d-4181-b1cb-b5a488545475,StPetersburgh.mba,available,19.99,,medium,low,15,name.com,,
715f0dfd-9021-40f0-9543-44c758254a66,anagram.mba,available,19.99,,high,low,7,name.com,,
c686740b-7787-47ad-bc2f-2dc7f00e450c,amused.mba,available,,,medium,low,6,,,
fbfc7aed-ef9a-436a-82ee-7270a00fa725,presentation.mba,available,19.99,,medium,low,12,name.com,,
7ff6b806-fed2-4a83-8fa0-a037a684589d,stable.mba,available,19.99,,high,low,6,name.com,,
9722b3a0-cb09-4d48-a337-08c1705c3f7e,antitypic.mba,available,,,medium,low,9,,,
674ce8c5-6a7d-46a5-88db-99b433bb71d0,ogdoad.mba,available,,,medium,low,6,,,
4d765d62-933d-426c-870f-ea91ef4bcb32,bargain.mba,available,19.99,,high,low,7,name.com,,
cef12877-af22-4f01-b5bb-b5e88265e88b,licensed.mba,available,19.99,50.99,medium,low,8,name.com,,
b3126a4b-e9e6-418e-a26b-fa0e2ed3603a,grandson.mba,available,19.99,,high,low,8,name.com,,
85eb03c2-6069-4534-8801-4f1508243d77,bringing.mba,available,19.99,,medium,low,8,name.com,,
08f75977-bde9-4d6d-851b-5bcfe56e221f,plate.mba,available,19.99,,medium,low,5,name.com,,
162db690-302e-442b-979d-616f024ecfff,theone.mba,available,19.99,,high,low,7,name.com,,
46d93cb9-784c-4a6f-a32e-eafaeba1ec2b,bound.mba,available,19.99,,medium,low,5,name.com,,
eedf4565-dfee-4e9f-abfb-8003635791e2,abatable.mba,available,19.99,50.99,medium,low,8,name.com,,
348f45d4-65b6-46d2-8bb8-295ef5a804b4,prat.mba,available,,,medium,low,4,,,
a263d5c1-1189-4040-b942-3d90ed421685,clue.mba,available,19.99,,high,low,4,name.com,,
3a886c2d-7120-4670-87d5-92aa75635029,ofall.mba,available,19.99,,low,low,6,name.com,,
609be1e9-a542-4d4d-8586-ff4beac7eca6,agrypnotic.mba,available,,,medium,low,10,,,
9559a734-7e28-4032-a376-878d23f69d82,SouthAfrica.mba,available,,,low,low,12,,,
319af9a6-72fd-468f-aec9-7d960cc21bd6,disc.mba,available,19.99,,high,low,4,name.com,,
66c7b2ee-d879-4e1f-84ee-e5aa3a69f084,liquor.mba,available,19.99,,high,low,6,name.com,,
0ba4445d-c6d0-4bb3-b32d-29f3cc159cb3,raised.mba,available,19.99,,high,low,6,name.com,,
4cd7fbf0-6872-47cf-99d9-e178ceb0c84f,bewell.mba,available,19.99,,high,low,7,name.com,,
1e8ce425-ea8d-44e2-8b72-90c23ba3c631,couple.mba,available,19.99,,high,low,6,name.com,,
69b0e2cb-3128-4915-9662-bdd64a4fd845,teasing.mba,available,19.99,,high,low,7,name.com,,
d6fe5129-fd21-44d7-a116-5806508c39f6,intheworstway.mba,available,19.99,,medium,low,16,name.com,,
3f7edbe8-e18a-4baf-93ab-1084f8c29d51,badly.mba,available,19.99,,medium,low,5,name.com,,
2782a662-363b-432b-9fb5-388c7e1e2b51,peace.mba,available,19.99,,high,low,5,name.com,,
e230819f-baff-45a0-9d5f-6d68afda4999,importantly.mba,available,19.99,,medium,low,11,name.com,,
0ac43e14-f51c-4e1c-a61d-6b8e0a1f4298,wooden.mba,available,19.99,,medium,low,6,name.com,,
37b37221-769a-48be-a79a-0498ad7ee593,finalwords.mba,available,19.99,,high,low,11,name.com,,
f86e7f9d-56aa-4330-81fd-2eaf832543de,keepscore.mba,available,19.99,,high,low,10,name.com,,
760509e5-b1e6-4a80-bd5c-8f1dc75037c5,notime.mba,available,19.99,,low,low,7,name.com,,
abdd6195-3143-4898-a45c-fef6a16c5934,fee.mba,available,19.99,,high,low,3,name.com,,
18bc16e4-b6ad-46a0-aa87-5ba3b812df98,payattention.mba,available,19.99,,low,low,13,name.com,,
9ff2592c-0dc7-4f6b-a21a-f8571ff9ef0b,industrial.mba,available,19.99,,medium,low,10,name.com,,
f01c1b3d-75f0-48ee-b666-493b210ee49b,third.mba,available,,,high,low,5,,,
82ac72c2-3654-4312-b17f-87d16524eca8,oval.mba,available,19.99,50.99,medium,low,4,name.com,,
d3e058b1-6296-4971-91c4-d962b4cc67fc,ways.mba,available,19.99,,high,low,4,name.com,,
8e6e29e7-71d0-4d4b-a535-3519ab8f2af1,humanlike.mba,available,,,medium,low,9,,,
6ef5a6e9-7be3-45ba-be0a-eb2891c798cf,down.mba,available,19.99,50.99,high,low,4,name.com,,
7df0db15-b446-4b13-99ce-f0ba1cb556f5,despotic.mba,available,,,medium,low,8,,,
448be16b-3b75-4fed-9602-57143694bfbc,moveinto.mba,available,19.99,,high,low,9,name.com,,
d89a7360-8c28-462b-8d38-f23a049b9765,properties.mba,available,19.99,,medium,low,10,name.com,,
e65ccbe4-7f98-487d-9caf-b6867a287b85,discerning.mba,available,,,high,low,10,,,
cac69f6f-aa5d-4678-9635-9c5ed8804bdf,hairdryer.mba,available,19.99,,high,low,10,name.com,,
e317b3c2-c7e7-42ce-97f5-aefe8222d73b,authorityfigure.mba,available,19.99,,medium,low,16,name.com,,
851a4343-7bd5-4295-8a45-bf856ea00eee,replace.mba,available,19.99,,high,low,7,name.com,,
a95f54e4-cedb-4518-a181-6cd1837c56a1,lowpriced.mba,available,,,medium,low,10,,,
6d6f9810-ca5b-44ee-b9b0-5d7b762eecf0,tracked.mba,available,19.99,,medium,low,7,name.com,,
1c8db990-2904-4a9c-a296-771c008458cb,ballpointpen.mba,available,19.99,,high,low,14,name.com,,
ccc9d369-8234-4ddf-b1c0-846740e98d77,inshortpants.mba,available,19.99,,medium,low,14,name.com,,
368c59eb-481f-46eb-93ef-b63b2255b7e1,walk.mba,available,19.99,,high,low,4,name.com,,
58172be3-0e01-4070-a571-024d2023a062,fruity.mba,available,,,high,low,6,,,
1507c6de-2ad0-4663-996d-b7fc322442ea,large.mba,available,19.99,,high,low,5,name.com,,
e6d6f95f-1a3a-4477-a62c-e3e5bcfeb17d,aquaphobic.mba,available,,,medium,low,10,,,
ad72e094-87ad-45f8-970f-2543b7bc8d29,calf.mba,available,19.99,,high,low,4,name.com,,
56d2761c-1258-4408-9ee8-68a2625b74b6,creature.mba,available,19.99,,medium,low,8,name.com,,
43fb5424-d26a-4922-a359-853b7a7078bd,alternate.mba,available,19.99,50.99,high,low,9,name.com,,
6cac60c9-8f6f-491b-9991-523dc6c271bf,illuminated.mba,available,19.99,,high,low,11,name.com,,
9a05fafc-79fa-4fc6-9141-e8177eeacafe,boot.mba,available,19.99,,high,low,4,name.com,,
7e60325a-f174-497e-8798-ffa2b760e640,Godlovesomeone.mba,available,19.99,,medium,low,16,name.com,,
43a1881b-1e8f-4765-8461-e1453d9b2cb9,oversee.mba,available,19.99,,high,low,7,name.com,,
5f194d02-557d-49f7-81e8-ca59324c49a4,acyclic.mba,available,,,medium,low,7,,,
581287cc-c94f-4e7e-95b2-44b2fd88a1b5,payfor.mba,available,19.99,,high,low,7,name.com,,
8dc99ea7-786b-4f79-8f9b-0848177fa375,arrive.mba,available,19.99,,high,low,6,name.com,,
55a8581b-08ad-48e4-8b82-69aac86062ba,generalequilibrium.mba,available,19.99,,medium,low,19,name.com,,
a9a0c725-bcc4-41ff-a3a0-26deed662588,eighth.mba,available,,,high,low,6,,,
c53f22f0-d60c-48eb-9d07-09e0159b7258,robotic.mba,available,19.99,,high,low,7,name.com,,
dacc1da9-9d22-4834-acc3-411ea1cb5ec9,indigenous.mba,available,,,medium,low,10,,,
6d42bd89-c775-414a-8e8a-2a8669cc8b25,fortyeight.mba,available,19.99,,high,low,11,name.com,,
ef98d070-8bed-4561-9fde-42b116975186,attheelbow.mba,available,19.99,,medium,low,12,name.com,,
0fa6a242-209d-4cea-a77d-9187ed7d71ea,aufait.mba,available,,,medium,low,7,,,
1fcfc128-c655-4f8c-ac39-45d2b753292c,argentous.mba,available,,,medium,low,9,,,
31d1a002-bf45-4b77-b66e-083f090b9fc6,asshole.mba,available,,,medium,low,7,,,
ff18027d-4edd-4231-871d-de10dce1b445,valuable.mba,available,19.99,,high,low,8,name.com,,
33f2cfed-ee0d-41ef-b74a-9ced265d2f65,soundbarrier.mba,available,19.99,,low,low,13,name.com,,
658fb6bf-16b6-40df-9213-a82b52cdcb86,career.mba,available,19.99,,high,low,6,name.com,,
0b86938a-2504-4de8-b92f-5b1bfbb5dd22,easter.mba,available,19.99,50.99,high,low,6,name.com,,
9f7910a9-a04c-46fa-bd44-06c46f7d313f,direct.mba,available,19.99,50.99,high,medium,6,name.com,,
2643816c-5e18-4841-bc0a-87588f19d8f9,whatwasthat.mba,available,19.99,,low,low,13,name.com,,
5982b4d2-a9c8-4df7-b9e7-23630bb8f0d6,colored.mba,available,19.99,,high,low,7,name.com,,
86a1645f-198e-4ef6-a54b-21dd3b0d5b38,feminism.mba,available,19.99,,medium,low,8,name.com,,
973f3a54-f66b-448c-9ace-1e55956ee413,finalsay.mba,available,19.99,,high,low,9,name.com,,
ae62ba39-ad9d-4b4f-b75b-0a0e482019a6,oyster.mba,available,19.99,,medium,low,6,name.com,,
e6c29df5-241a-4fba-a42f-304978d8d3c6,renegade.mba,available,,,high,low,8,,,
91d369cd-a844-4218-97bf-9b6846d95f09,willow.mba,available,19.99,,medium,low,6,name.com,,
7f0b1b38-4063-4e30-ac2a-2c17f4ca1d72,giveinto.mba,available,19.99,,medium,low,9,name.com,,
b27e87eb-e23e-4220-b8ab-ba1676f01c47,abstemious.mba,available,,,medium,low,10,,,
dc118c48-b7b4-4266-9bb3-75eabbe32035,xxii.mba,available,19.99,50.99,medium,low,4,name.com,,
18854ea8-e851-4465-8d9f-7e50646edcee,court.mba,available,19.99,,medium,low,5,name.com,,
34f3691c-0338-4b59-8b1c-6aaf247ba03c,thankful.mba,available,19.99,,high,low,8,name.com,,
600f0aeb-0e0f-43b2-b0e5-d62302ad2127,subjective.mba,available,19.99,,medium,low,10,name.com,,
97252458-2d58-4f63-96e9-a872bbc27206,resume.mba,resell,,,high,low,6,"Spaceship, Inc.",11/02/2025 02:09,11/02/2027 02:09
5d4cc632-f785-48c9-8525-d19725126beb,always.mba,available,19.99,,high,low,6,name.com,,
0fbaa8a0-f550-4066-b3ed-ec4885086c5d,paunchy.mba,available,,,medium,low,7,,,
e615a484-8f83-4fb4-94fd-142dc405bf6a,ended.mba,available,,,medium,low,5,,,
2bdf9eb4-e0e3-4d3d-8de6-f90b88da4cde,punchabove.mba,available,19.99,,low,low,11,name.com,,
075b24eb-37cf-492b-9ad2-dc3fc7fd83e7,driver.mba,available,19.99,,high,low,6,name.com,,
7c1a060d-634a-43f4-aee3-d527e42a8816,fallshort.mba,available,19.99,,medium,low,10,name.com,,
d90109d8-1045-4f02-aa61-80bbf91dd982,pizzapie.mba,available,19.99,,high,low,9,name.com,,
3bc463ae-1e5e-457b-ac39-56a9b90b0b75,nitric.mba,available,,,medium,low,6,,,
e36cff42-7313-4d5f-aceb-9ae0c1721660,flower.mba,available,19.99,,high,low,6,name.com,,
39811b94-403b-4b2e-b0a3-8f2a64f1fb60,aborigine.mba,available,,,medium,low,9,,,
2cd99814-a80e-4b6b-a87d-7e1cd9b73daf,glistering.mba,available,,,medium,low,10,,,
38feaf11-4660-4352-b147-e54811b9f12b,hearts.mba,available,19.99,,high,low,6,name.com,,
18d43da0-e800-43ac-9110-4aab20d90659,troublemaker.mba,available,19.99,,medium,low,13,name.com,,
d3bb2455-6cf3-4234-8804-0457f6a583e5,allsmiles.mba,available,19.99,,medium,low,10,name.com,,
eaeb2e25-c773-47f2-8fc8-78991b60e6a7,namely.mba,available,19.99,,medium,low,6,name.com,,
63e73a01-3beb-4eb4-a8b9-4e04b9905349,passon.mba,available,19.99,50.99,high,low,7,name.com,,
7d1c3692-fcfb-4e2c-a2b7-6c8018064079,mods.mba,available,19.99,,high,low,4,name.com,,
e2245d2c-728f-494d-a879-60cb5b2d966a,supportive.mba,available,19.99,,high,low,10,name.com,,
ebeca13e-62f9-4f08-9b71-a8456d141cd0,ametropic.mba,available,,,medium,low,9,,,
225e66f1-3386-4fa8-82c5-02c6e58253e6,gross.mba,available,19.99,50.99,medium,low,5,name.com,,
2234eeb1-ba82-4699-8080-44dcbcb36621,fascinating.mba,available,19.99,,high,low,11,name.com,,
f30deab8-8c4a-4f10-9511-9762a30f65dd,gratitude.mba,available,19.99,,high,low,9,name.com,,
82845b8e-d115-4e85-baf0-13e612b4e8b8,median.mba,available,19.99,,high,low,6,name.com,,
d9dc804d-83e6-45f5-96c9-804cf96fea10,dilemma.mba,available,19.99,,medium,low,7,name.com,,
179513ff-014b-4ff7-b305-3802307457af,nomnomnom.mba,available,19.99,,high,low,11,name.com,,
fd5fcde6-4446-4329-a1dc-945023fb86c5,lowering.mba,available,19.99,,high,low,8,name.com,,
3f0b3013-2073-40d1-a6bc-d58be99a3a24,bigben.mba,available,19.99,,high,low,7,name.com,,
78c0baf8-4505-43cb-9f66-b455af0de859,manythanks.mba,available,19.99,,high,low,11,name.com,,
809e2aa7-ffcb-4811-9516-762a4a5f0bd2,stick.mba,available,19.99,,high,low,5,name.com,,
d5466170-58e0-4deb-8e73-166fddd99536,midget.mba,available,,,medium,low,6,,,
46f85770-fa99-45cd-b433-44d133506484,unjustified.mba,available,19.99,,medium,low,11,name.com,,
da10a56f-847d-4057-a2aa-79e6107bedf4,upset.mba,available,19.99,50.99,high,low,5,name.com,,
c5de2b74-9043-4d9f-8581-01b63dd18ae4,eager.mba,available,19.99,50.99,high,low,5,name.com,,
d7cc10bd-da63-417c-9d71-18aa6da05841,annexal.mba,available,,,medium,low,7,,,
8d03c495-937e-4902-bbb9-1d98959b6898,greatly.mba,available,19.99,,high,low,7,name.com,,
da8db870-8f28-43e1-b399-f573fabc0833,unit.mba,available,19.99,,high,low,4,name.com,,
3cc34b0d-1a74-43a0-abeb-d9ba3f17622e,adlib.mba,available,19.99,46.99,high,low,6,name.com,,
2db03d90-f38e-4343-8b53-d0a28b1ca38f,clitlicker.mba,available,19.99,,medium,low,10,name.com,,
6f7a583e-27d3-494c-8556-f6a99c0f04d4,whitemeat.mba,available,19.99,,low,low,10,name.com,,
c8f4640c-43cc-4cfe-ad83-4d369329609c,adrenalinerush.mba,available,19.99,,high,low,15,name.com,,
fd8f177f-5768-4e57-899d-d648e6ee14b3,avocado.mba,available,19.99,,high,low,7,name.com,,
0a649fae-8fe2-41e2-a332-eb80be5738de,papal.mba,available,,,medium,low,5,,,
cad61f20-4b91-4998-99f6-6585f4dab137,carrie.mba,available,19.99,,high,low,6,name.com,,
3305f59d-74ac-4c7d-aa9c-5cdff09a41a6,individual.mba,available,19.99,,high,low,10,name.com,,
0abb9f9c-785a-4e48-84d5-23ee09925ab1,termination.mba,available,19.99,,low,low,11,name.com,,
578699f3-879b-41e1-a227-bd3175216c24,comeby.mba,available,19.99,,high,low,7,name.com,,
d6152e52-d6b8-445a-be1a-83d0d776caa1,spell.mba,available,19.99,,high,low,5,name.com,,
07073b32-7c28-4b23-80a8-59502f29a86c,fairy.mba,available,19.99,,high,low,5,name.com,,
a4fef7b4-c615-499c-8df4-cfeab61a94c6,antisocial.mba,available,,,medium,low,10,,,
b991f84b-8e07-40c8-b987-54712ae833b9,farm.mba,available,19.99,,high,low,4,name.com,,
95256e90-b272-4aa8-ba9e-4c85bb7310af,race.mba,available,19.99,,high,low,4,name.com,,
836e6db8-0a4c-45ff-93f0-7f5a4b3daa31,voicemessage.mba,available,19.99,,high,low,13,name.com,,
f83335a8-b7e1-4b3e-ad52-a2d43dac1806,clustered.mba,available,,,medium,low,9,,,
4d50915c-447d-4cca-a86b-bdfc0cdaf88d,using.mba,available,19.99,,high,low,5,name.com,,
b6c0ba27-4255-4d5d-b81d-e0a375fd749f,cannot.mba,available,19.99,,high,low,6,name.com,,
2ca6b413-71f4-49e5-85b2-020e1ced4526,chocolatecake.mba,available,19.99,,low,low,14,name.com,,
9f0c0381-e820-487b-a52a-3416dc64b180,beggarly.mba,available,,,medium,low,8,,,
ccf94011-939d-4b87-98d9-4ba47f6d363d,panoplied.mba,available,,,medium,low,9,,,
1a844c8f-447a-4746-b3d4-1f41c9627b4f,releaseversion.mba,available,19.99,,high,low,15,name.com,,
3d4b885f-769d-47c3-8316-5acb86ee6fe6,eyetoeye.mba,available,19.99,,medium,low,10,name.com,,
ea8bce98-60f0-479c-8cd3-db7cca17230f,costs.mba,available,19.99,,high,low,5,name.com,,
71800bf3-d225-4c11-a79c-595ddee7dda2,proved.mba,available,19.99,,high,low,6,name.com,,
f7dcfa3a-6fc2-4840-8f70-8156e212608c,disguise.mba,available,19.99,,high,low,8,name.com,,
3a46dcf6-35ba-4e01-aba4-ae20f3f3b007,after.mba,available,19.99,50.99,high,low,5,name.com,,
533fea20-49b7-4c27-8415-1ff4e7158469,ancient.mba,available,19.99,,high,low,7,name.com,,
eeec5361-cc80-4228-b94e-5fe3e44fe0d5,acceptable.mba,available,19.99,50.99,high,low,10,name.com,,
8ae47f7e-cad9-4606-bcde-3928c7cbbb61,howwouldIknow.mba,available,19.99,,medium,low,16,name.com,,
95787340-774f-411b-be88-bf962bbcf14d,Iknowit.mba,available,19.99,,medium,low,9,name.com,,
45ffa75e-902b-4423-a6ae-7f336230051c,abstracted.mba,available,,,medium,low,10,,,
fd5fe6ab-f6ef-40f8-a0e3-417c2087cf52,accident.mba,available,19.99,,medium,low,8,name.com,,
57ceefa4-4017-488d-b046-5b634dad8e5c,allegiant.mba,available,,,medium,low,9,,,
0cb93fd9-8ed1-488c-bb77-fff21a7de384,ackack.mba,available,,,medium,low,7,,,
722671b8-4fe7-4ca3-b78b-ed28bae1d03a,shirt.mba,available,19.99,,high,low,5,name.com,,
8bfda3d9-3e91-4327-b3e2-62a508e72448,rump.mba,available,,,low,low,4,,,
3c5c2234-4371-4577-aaaa-620e81369282,random.mba,available,19.99,,high,medium,6,name.com,,
33ca18a3-79ce-4808-8f5a-3a73219c6fbb,alterable.mba,available,19.99,50.99,high,low,9,name.com,,
76f612c4-7481-4248-86cc-268f4807ffca,leaveout.mba,available,19.99,,medium,low,9,name.com,,
439ae8b6-891a-477e-997b-b6a57faae7b6,colour.mba,available,19.99,,high,low,6,name.com,,
6b885f9a-114a-4117-85e1-f30157ac6cbd,lxxxii.mba,available,,,medium,low,6,,,
8ddcad88-fee9-48f7-9fbb-a85a3153428b,lush.mba,available,,,medium,low,4,,,
756b8797-08c4-463a-905c-0a7b3b75caca,pin.mba,available,19.99,,high,low,3,name.com,,
601d5303-ba5d-49a3-b827-3119103c93ac,farther.mba,available,19.99,,high,low,7,name.com,,
da5fa68f-a894-4e7b-8209-154252f23a84,reversed.mba,available,19.99,,medium,low,8,name.com,,
8feb9d6c-88ee-4f82-b85d-57d276245e53,getridof.mba,available,19.99,,high,low,10,name.com,,
9c4893cc-54b8-4245-bd93-4dd43fccd1c7,illegal.mba,available,19.99,,high,low,7,name.com,,
6a6cf372-d52f-469a-8bf3-07ed42f87801,condom.mba,available,19.99,,high,low,6,name.com,,
50d5d200-b21d-4bad-8e3f-d1def0e26b3d,Europeanhedgehog.mba,available,19.99,,medium,low,17,name.com,,
a8a49998-01cd-4503-aa78-28bd2568bba3,akimbo.mba,available,,,medium,low,6,,,
d0990aa4-df94-409d-a651-94ee9673e613,givesomeoneakiss.mba,available,19.99,,medium,low,19,name.com,,
864b1001-5da6-4973-ab6d-741001df8618,atbottom.mba,available,19.99,,medium,low,9,name.com,,
18623732-3c5a-401a-bdff-dfbc9a2a6632,emailstorm.mba,available,19.99,,medium,low,11,name.com,,
4121aade-b254-487e-8fec-3cfe1f26e41f,inexpensive.mba,available,19.99,,high,low,11,name.com,,
e6081726-7081-44ac-b06b-c4d48c43e4a5,antiknock.mba,available,,,high,low,9,,,
a156a437-5510-42fc-a469-242b77bfb562,emergency.mba,available,19.99,,medium,low,9,name.com,,
3a7bb3aa-0e2c-4dc6-bebf-695f2fafdbec,foodcourt.mba,available,19.99,,high,low,10,name.com,,
fce5e97d-5063-4dbe-ade9-46e8e9abdffb,aspirer.mba,available,,,medium,low,7,,,
91734585-aebb-4a5d-9140-a66a399826f4,bashful.mba,available,,,medium,low,7,,,
0a27f336-1025-4a5b-9fe8-e1106fa1a965,ballistic.mba,available,,,medium,low,9,,,
6496911a-3b70-400a-8617-d97b0c42a342,blackmailing.mba,available,19.99,,medium,low,12,name.com,,
86257b3c-29a1-40c7-b2fe-0d45e9862764,amerciable.mba,available,,,medium,low,10,,,
e64ddc4f-b82e-46d3-bc4a-bab6a704432a,xoxoxo.mba,available,19.99,,high,low,6,name.com,,
384967ce-6864-4b25-9ed0-4479a7410449,interviewee.mba,available,19.99,,medium,low,11,name.com,,
34331a5c-ae4d-4f67-bd6b-3b0a0bd41cd9,confident.mba,available,19.99,50.99,high,low,9,name.com,,
570b26b9-bceb-4fae-9d24-e94e5c188093,bumpinto.mba,available,19.99,,medium,low,9,name.com,,
0091e12b-fedb-470d-8e55-f65386c3d30d,canted.mba,available,,,medium,low,6,,,
eff16b28-329d-43a5-8628-5ee7dc15de3a,saveas.mba,available,19.99,,medium,low,7,name.com,,
9ad5b21a-9129-41d9-90c1-b26f7c0ac1e0,woodsy.mba,available,,,medium,low,6,,,
09728674-6df3-4d1b-8878-340030b19cf9,backtothewall.mba,available,19.99,,medium,low,16,name.com,,
ff2a9a92-0235-4778-9a2e-bc607bdb2b7c,Citibank.mba,available,,,high,low,8,,,
f8dcdf63-3f18-417c-af4c-f471304f0d16,whatabout.mba,available,19.99,,low,low,10,name.com,,
a9ff3cbd-51a5-4554-981d-1b930328448e,congratulations.mba,available,19.99,,high,low,15,name.com,,
e4e0f684-8b77-41bb-88d6-bd283ca37d84,luckystreak.mba,available,19.99,,high,low,12,name.com,,
23c7b804-0188-4c87-8466-77fb3ec8a1ab,generalquarters.mba,available,19.99,,medium,low,16,name.com,,
a67ad8e6-5edd-401b-ae98-f93f8ba954cd,caring.mba,available,19.99,,high,low,6,name.com,,
10bc74ae-7bee-421e-8324-cf3843c29378,springfor.mba,available,19.99,,low,low,10,name.com,,
ecffb2d2-3a89-4c88-8300-42b9759dd142,bonkers.mba,available,,,medium,low,7,,,
da121e80-dae0-4cdc-9330-0e99dd4617e0,givecredit.mba,available,19.99,,high,low,11,name.com,,
9121dfd5-0c8c-4b3a-936e-35d5dab3438c,fourscore.mba,available,,,medium,low,9,,,
8f064f90-92b1-4212-9265-9a5fe1e17e73,falltotheground.mba,available,19.99,,medium,low,18,name.com,,
65ebe7e2-73e2-4897-bd60-3e93c061435b,metedout.mba,available,,,medium,low,9,,,
48d58270-3c2a-40f3-b979-584dfc1516eb,towheaded.mba,available,,,medium,low,9,,,
d0ff3c26-4c58-47a0-b8ba-9e09afe39779,workings.mba,available,19.99,,high,low,8,name.com,,
48627f64-f428-4bd8-9ada-504f333a405c,His.mba,available,19.99,,high,low,3,name.com,,
94ba3751-a66a-4f0a-9c36-e05dbc208d9e,analyze.mba,available,19.99,,high,low,7,name.com,,
7bcdd78d-6688-4463-a67a-0d1f8b3b4ef9,schoolbook.mba,available,19.99,,medium,low,11,name.com,,
8ca4b042-ee68-439d-b721-6bdabab81c3f,breastbone.mba,available,19.99,,medium,low,11,name.com,,
f23c322e-3cdb-40a5-99d1-5e08d594193e,pepsi.mba,available,19.99,,high,low,5,name.com,,
5de1a4cc-2fd8-4ef9-a461-845b7caea887,launch.mba,available,19.99,,high,low,6,name.com,,
a6ffb6d1-00bc-466f-859e-9b000b2b02f6,ohmyfuck.mba,available,19.99,,medium,low,10,name.com,,
cc354f3a-7691-4e55-8825-9a91e2c6acea,annoyance.mba,available,,,medium,low,9,,,
f2ed8d3b-bc82-4e26-a00e-62b40cdb2fd2,belittling.mba,available,,,medium,low,10,,,
b91c4e0a-9dfd-4a79-8719-a2389775228d,chime.mba,available,19.99,,high,low,5,name.com,,
70757a55-ba05-476d-9704-8501a93e3c1b,basiscopic.mba,available,,,medium,low,10,,,
ff04929f-437d-440b-8e78-693a8b5354b3,ninetyone.mba,available,,,medium,low,10,,,
587887e2-c014-4541-98c7-a124077ba709,whatkindof.mba,available,19.99,,low,low,12,name.com,,
d24d093a-2e5d-4f68-be48-12b02db89288,sheeit.mba,available,19.99,,medium,low,6,name.com,,
659e9e5b-2c48-4494-ab4c-c58e0dd20ad2,mealdeal.mba,available,19.99,,high,low,9,name.com,,
9c3027fc-9183-49ce-bf0a-185aaf791f2f,tho.mba,available,19.99,,medium,low,3,name.com,,
6eb1b7a4-ac41-425f-828f-0c9364a04b6a,rank.mba,premium,82.5,82.5,high,low,4,name.com,,
efbec97f-2080-4c4e-9e3a-77b52035399f,departmentstore.mba,available,19.99,,high,low,16,name.com,,
7a02b2a6-bc8d-4011-affd-f0335785f9fc,workoff.mba,available,19.99,,medium,low,8,name.com,,
f0627e5e-ad31-4e34-ae14-c5ea26e5095c,getthelastlaugh.mba,available,19.99,,high,low,18,name.com,,
0614f1cb-ffdb-4740-813f-39f42623cf6a,occasion.mba,available,19.99,,high,low,8,name.com,,
1b5d377b-20cc-47f8-a92b-339d6e2c2eea,fire.mba,available,,,high,medium,4,,,
d426f710-016f-4e6c-9c18-ef37b02f0db0,animated.mba,available,19.99,,high,low,8,name.com,,
21c2aa00-ff46-46c0-b997-600621d79b64,mono.mba,available,19.99,,high,low,4,name.com,,
1ee1786d-bdfa-4e67-991f-e9630ec2099c,awhile.mba,available,19.99,,medium,low,6,name.com,,
9d13dd98-3192-4d3e-abae-954973e2af90,moneylaundering.mba,available,19.99,,medium,low,16,name.com,,
1c4b30d4-cd27-4510-ae25-cd36a412f7d0,goodafternoon.mba,available,19.99,,medium,low,14,name.com,,
34fe380e-0d8c-479a-94a2-a678a0a3df00,sum.mba,available,19.99,50.99,medium,low,3,name.com,,
4d5fe1e2-bc05-4651-be8e-d46a74185ffe,absence.mba,available,19.99,,medium,low,7,name.com,,
e47e4b8d-84e6-48ac-9f71-9ccfde427fad,Googler.mba,available,19.99,,high,low,7,name.com,,
7568113c-fc4a-4856-9031-34353959ccf3,crap.mba,available,19.99,,medium,low,4,name.com,,
3ebf496b-3855-45bc-a77c-00d222c9ab01,visited.mba,available,19.99,,high,low,7,name.com,,
d63745d0-7bdd-4b79-abcf-eb2f69be45d5,comedian.mba,available,19.99,,high,low,8,name.com,,
7e876232-f889-46a8-9d2a-b2e62e5c2a0a,masterful.mba,available,19.99,50.99,high,low,9,name.com,,
d37910ad-0318-48dc-83b4-21da26bb2be1,jail.mba,available,19.99,,high,low,4,name.com,,
bf047d7e-bfcb-4c48-9425-168227784876,trader.mba,available,,,high,low,6,,,
6258eee3-0550-4069-bfb0-0d23808a1cd1,entirely.mba,available,,,medium,low,8,,,
26893c6f-acd2-43de-85b6-2efd39fc214e,enhance.mba,available,19.99,,high,low,7,name.com,,
94bb4cd0-a3f0-4cf4-a94a-c0a7db7b186c,abovewritten.mba,available,19.99,,medium,low,13,name.com,,
b0361d06-89ce-47a9-94be-77aea77f7d05,anagogic.mba,available,,,medium,low,8,,,
98df4c75-32af-4a14-aeb3-c4dafb724fbd,nothanks.mba,available,19.99,,medium,low,9,name.com,,
fc2b90ba-4d49-489e-b871-30a8b3f6760d,judgment.mba,available,19.99,,medium,low,8,name.com,,
ba63474f-af0d-4595-9727-deba78bab376,alveolar.mba,available,19.99,50.99,high,low,8,name.com,,
80b9fc72-45ff-470f-8f30-e5ca95923b12,orangejuice.mba,available,19.99,,medium,low,12,name.com,,
c406eca3-7a62-4877-95bb-b7a2aef2b073,specialized.mba,available,19.99,,medium,low,11,name.com,,
15bc158c-f411-42be-b717-dcfb923e5cf7,fortyfive.mba,available,,,medium,low,10,,,
54211cf9-82a9-4fa1-9a2b-4ed58178d7d8,dowjones.mba,available,,,high,low,9,,,
e71cab1b-3858-44c3-9e10-db0bb570a08d,trite.mba,available,,,medium,low,5,,,
4c5c5c5a-9683-4ec6-9999-a5cd76f74d31,ageing.mba,available,19.99,50.99,high,low,6,name.com,,
07080527-4a9c-4404-8f89-a8535fc4a168,muhfucker.mba,available,19.99,,medium,low,9,name.com,,
acf8160b-1243-4320-8962-14d24e2dbaf0,asymmetric.mba,available,,,medium,low,10,,,
2e60cc3f-9c08-4977-b4f2-2fbb4e29adf4,junction.mba,available,19.99,,medium,low,8,name.com,,
5a1cd806-5ac2-44fa-8b54-3d91422f21ae,rogue.mba,available,19.99,,medium,low,5,name.com,,
8094131a-1768-4ff9-be99-bb03ab6dc0b9,MiddleEast.mba,available,19.99,,medium,low,11,name.com,,
d6753432-2bbb-4d6a-9e58-ad281309b73d,cane.mba,available,19.99,,medium,low,4,name.com,,
73c4bde5-6b61-4c6e-be0c-c00309b7c750,distinction.mba,available,19.99,,high,low,11,name.com,,
f43193de-c489-43e9-8cbe-74a3f03e74d5,Microsoft.mba,available,,,high,low,9,,,
c71de883-e1a0-4995-b0ce-77b2476a28cc,marvellous.mba,available,19.99,,high,low,10,name.com,,
f3bf2af2-05c1-4815-a285-97b619186260,bowls.mba,available,19.99,,medium,low,5,name.com,,
d04cb66c-ed2e-4fa6-9663-ad8149fa7805,onschedule.mba,available,19.99,,high,low,11,name.com,,
b35417de-26b6-44f1-b0c9-f0cb476b3dd3,pontifical.mba,available,,,medium,low,10,,,
85ebaba4-a632-4f1d-b747-6a66668c4379,extra.mba,available,19.99,50.99,high,low,5,name.com,,
f2c55339-273c-4b40-bee4-136dfe7121b2,policy.mba,available,19.99,,high,low,6,name.com,,
77929e77-3926-454c-ae39-e352d73916aa,assumptive.mba,available,,,medium,low,10,,,
a43b85d9-7383-4603-8ff1-cd05c396028f,alar.mba,available,,,medium,low,4,,,
cef8d72b-0ccb-4c61-94b2-46f667ab9a57,blessed.mba,available,19.99,,medium,low,7,name.com,,
011ab8c0-2d67-4c10-ad95-08ca5e32d716,oldest.mba,available,19.99,,high,low,6,name.com,,
66211aaf-83a6-46cc-a5a8-4daab5da8125,anuretic.mba,available,,,medium,low,8,,,
acf13948-9321-4694-a884-8ac3f468ad4e,pig.mba,available,19.99,,high,low,3,name.com,,
8fd184ee-0b4a-4a5b-8b28-0e26b304f932,prayer.mba,available,19.99,,high,low,6,name.com,,
994b0fc3-29ad-498b-a42e-43e36202cb2c,crackers.mba,available,,,medium,low,8,,,
b7c374d7-1d48-4e98-88fe-f453c7776087,afghan.mba,available,,,medium,low,6,,,
b3f153a9-aa7f-4e15-aa23-0d1ad7d6d755,stuffy.mba,available,,,high,low,6,,,
e55963d4-f5fc-4b45-868b-3dae07fe003e,arduous.mba,available,,,medium,low,7,,,
320f24b4-4e4f-4bd3-a63a-d6a7b34cd908,naturewriter.mba,available,19.99,,low,low,13,name.com,,
9b757c27-79dd-46c6-9e66-72dac021e7a4,cocktail.mba,available,19.99,,high,low,8,name.com,,
3472d66f-87d8-4923-9acb-02394c400ee6,getthepicture.mba,available,19.99,,high,low,15,name.com,,
cd055fe4-fe00-4a07-9e25-4dccabf3d012,sanctioned.mba,available,,,medium,low,10,,,
10696fc3-b378-417d-91c8-8c6bfb7e2b8c,hardatwork.mba,available,19.99,,high,low,12,name.com,,
53e1e1c0-1e85-418c-8437-6a7ab0631287,remedial.mba,available,19.99,50.99,high,low,8,name.com,,
11d109ec-69e9-4afe-ae4d-8777dd356e17,weary.mba,available,19.99,,medium,low,5,name.com,,
d00a84c0-4872-4692-8041-cd9604327de1,clerk.mba,available,19.99,,medium,low,5,name.com,,
9d05771a-88d3-4d9e-bd6a-fc99a7e5c762,cxxv.mba,available,,,medium,low,4,,,
bfa61b9d-e417-42b4-a062-37da6f35d1a6,MasterofArts.mba,available,19.99,,medium,low,14,name.com,,
3bc1693c-68cc-45b0-bdcb-6201339b63a2,Ilikepie.mba,available,19.99,,medium,low,10,name.com,,
043bf12a-9c5d-40c6-af64-d51f5345d35c,eighteenth.mba,available,,,medium,low,10,,,
bda124ee-c406-4e74-b5e9-ba09b42dba13,backslash.mba,available,19.99,,high,low,9,name.com,,
dd01a207-ac0d-441b-a9d5-d3a95edbba18,mahfucker.mba,available,19.99,,medium,low,9,name.com,,
50f2aa0a-40b4-4d11-b2cf-0eb047a79579,Martha.mba,available,19.99,,high,low,6,name.com,,
047f49e3-623f-4ec5-b9d9-3f0c2f1bc418,challenge.mba,available,19.99,,high,low,9,name.com,,
0c503847-7796-40f5-9255-6d4f140f8dd0,naturestudent.mba,available,19.99,,low,low,14,name.com,,
97aaeef7-26ae-4c57-b4ae-58b099c471ae,sedulous.mba,available,,,medium,low,8,,,
ba7b5d31-9a94-47fa-9765-8e8a11bbeceb,bullish.mba,available,19.99,,high,low,7,name.com,,
355ee2d1-0949-4a2b-8b43-81c9866a9b8f,mysterious.mba,available,19.99,50.99,medium,low,10,name.com,,
402e57a4-7903-4c90-85fd-03054385ea18,appalled.mba,available,,,medium,low,8,,,
ebdb31f7-6c35-4188-916b-4d21c4d8414a,bigmoney.mba,available,19.99,,high,low,9,name.com,,
9acb78fa-aec0-425f-9871-0852f7bfdf3d,mutual.mba,available,19.99,,high,low,6,name.com,,
3a3060ba-b204-4812-a558-735edca8648c,pricked.mba,available,19.99,,low,low,7,name.com,,
a8612c4c-da3a-4b88-a107-0884d6250ede,baptismal.mba,available,,,high,low,9,,,
f54abba0-5b05-4d90-9954-e3d699329fb5,lxvi.mba,available,,,medium,low,4,,,
aae96851-c095-46b4-94cc-19c7001376ee,stand.mba,available,19.99,,high,low,5,name.com,,
13fc1597-b42c-4bb7-98db-32d84b32b515,LongIsland.mba,available,19.99,,medium,low,11,name.com,,
969678f8-9c2d-4281-adbe-f15e45cde9cc,WestHills.mba,available,19.99,,low,low,10,name.com,,
bd2ad9d2-ac7a-46fa-820a-6d9a3820efe3,woman.mba,available,19.99,,high,low,5,name.com,,
c6e4da18-241d-4d6e-b2eb-90fc63415bd4,proclaiming.mba,available,19.99,,high,low,11,name.com,,
225252bd-88cd-43e8-929f-2e04f03e1d68,wordis.mba,available,19.99,,low,low,7,name.com,,
01b6ee99-e198-4391-8f54-11de2fbded50,TahoeCity.mba,available,19.99,,low,low,10,name.com,,
360108e0-3a18-4dcc-958e-103076fcdc87,retiring.mba,available,19.99,,high,low,8,name.com,,
95744531-3eef-4470-83fa-13c9ad2743f4,completion.mba,available,19.99,,high,low,10,name.com,,
638cc05a-b18d-4eae-862a-1d4bd58a6f07,offof.mba,available,19.99,,medium,low,6,name.com,,
ce3873e1-44fc-4d01-b241-9dcc42b02be6,garden.mba,available,19.99,,high,low,6,name.com,,
2478f7d7-ca82-48f1-8d25-2b476a7daf23,fancy.mba,available,19.99,,high,low,5,name.com,,
f4234742-a45c-4b13-9a06-397c9d263e5e,hitup.mba,available,19.99,,high,low,6,name.com,,
84216ae0-217b-4272-8ddf-9016a99dbeef,feelfree.mba,available,19.99,,medium,low,9,name.com,,
fad87548-ef94-424d-9bb7-1d3b4d1a95e7,dna.mba,available,,,high,medium,3,,,
6ac93547-e1a1-4091-8a60-fadafb695d33,unassuming.mba,available,19.99,,high,low,10,name.com,,
aa6942b5-6206-4a23-83fa-7c7858c4cbcc,asyouknow.mba,available,19.99,,medium,low,11,name.com,,
60ab2f5b-f806-4dd6-a98b-692758ef49f6,believe.mba,available,19.99,,high,low,7,name.com,,
45d11b52-1686-4865-a9b6-73577ca28877,howthehell.mba,available,19.99,,medium,low,12,name.com,,
efafcc5f-2f91-4cdf-9b0c-be01c5bf15f8,Englishmedium.mba,available,19.99,,medium,low,14,name.com,,
90c7fec5-f672-47f7-b255-f2793cab398d,rightaway.mba,available,19.99,,low,low,10,name.com,,
9ef447fe-ba2d-4609-bedb-2a6a478ee343,panther.mba,available,19.99,,medium,low,7,name.com,,
3377c01f-cffe-4121-86bb-8981f1644e58,asian.mba,available,19.99,,high,low,5,name.com,,
b12e6ad6-22b8-4744-9f19-900b6088c659,theme.mba,available,19.99,,high,low,5,name.com,,
d67845a1-c1c1-4599-9575-eebf13b80156,exercisebike.mba,available,19.99,,high,low,13,name.com,,
8477dbe6-8996-44a9-a1ec-717bcecf1a88,darkweb.mba,available,19.99,,medium,low,8,name.com,,
5d9db5b0-e81f-4a91-8482-dcb91cf73fd6,whatnow.mba,available,19.99,,low,low,8,name.com,,
185cd4bc-227e-443d-9cba-8a71da648459,actuated.mba,available,,,medium,low,8,,,
3561996f-2ed4-43d4-9564-d77a639eb4c3,ateleiotic.mba,available,,,low,low,10,,,
0b08f6d1-541d-4e6a-933e-d908f248f462,support.mba,available,19.99,,high,medium,7,name.com,,
6d0fc06d-8a02-4098-9045-fb9f4c9a126b,say.mba,available,19.99,,medium,low,3,name.com,,
bb82fc05-9dda-43b4-b735-b44ef5058732,generically.mba,available,19.99,,medium,low,11,name.com,,
f39a0fc7-fdc2-4b0a-bfdf-480b1e35085a,advice.mba,available,19.99,,high,low,6,name.com,,
0820d1ea-9991-4545-a004-b6b88616e14d,keepon.mba,available,19.99,,high,low,7,name.com,,
c79a9518-78ef-46c8-bc22-092862d4771d,speak.mba,available,19.99,,high,low,5,name.com,,
2c3be57a-93f9-4b8e-9551-1f1da4955096,keepcompany.mba,available,19.99,,high,low,12,name.com,,
97756340-f9a4-438a-86dc-86fc77390b9c,answerable.mba,available,19.99,,high,low,10,name.com,,
977d0ca2-5ae2-4183-ab2b-c1be69324f75,otherthan.mba,available,19.99,,medium,low,10,name.com,,
80a7adfa-1e9e-4daf-bb11-e5164ab13157,messy.mba,available,19.99,,medium,low,5,name.com,,
b5474ccb-80f1-486d-a6a6-d3f9b9ebbf92,version.mba,available,19.99,,high,low,7,name.com,,
42ba9142-f3de-498b-8c54-641baa6e1f55,seeing.mba,available,19.99,,high,low,6,name.com,,
a524c01e-5433-444e-9feb-f9b3d57538b6,poster.mba,available,19.99,,high,low,6,name.com,,
375a9c0e-a768-4ff3-8144-fff68cd545ef,octet.mba,available,,,medium,low,5,,,
151952fb-bd87-482e-a746-7fb33c0323c4,basipetal.mba,available,,,medium,low,9,,,
5c8f87fa-9ccb-4892-896e-8f755c343061,Yours.mba,available,19.99,,medium,low,5,name.com,,
a9efc724-0919-4946-ad50-bae660043181,Xmastree.mba,available,19.99,,high,low,9,name.com,,
c9b22910-2fc1-40b3-b352-a6336be26f0a,formalise.mba,available,19.99,,high,low,9,name.com,,
4d1f1ec4-32e3-4667-ba2c-5fbd0729133a,colours.mba,available,19.99,,high,low,7,name.com,,
45865729-6e3f-43c2-a3dc-cd6f796d4179,bedofroses.mba,available,19.99,,high,low,12,name.com,,
b36a1fe0-f65e-4b20-8413-b1d4e7aff205,blooddonation.mba,available,19.99,,high,low,14,name.com,,
9e8c47c4-6542-4a63-8f40-26fca1d18bbe,xxiii.mba,available,,,medium,low,5,,,
44884729-71bd-44a5-8a7e-c46f242ca217,provisions.mba,available,19.99,,high,low,10,name.com,,
9e8d6707-1fc3-4b4c-bd5a-4410577f75d3,beaded.mba,available,,,medium,low,6,,,
45fc676a-9070-46f0-b3eb-aafcbdc6ac37,bagdad.mba,available,19.99,,medium,low,6,name.com,,
bc88a6f2-d7a2-42da-a7e5-bf2094f7a797,adulterous.mba,available,,,medium,low,10,,,
0b9b8e2e-7cd3-4062-833e-3e50b1784eb1,mop.mba,available,19.99,,high,low,3,name.com,,
f7b14797-66cd-4a3e-933f-e3ca94978884,game.mba,resell,,,high,medium,4,"DNSPod, Inc.",17/03/2018 19:22,17/03/2027 19:22
c2e12cc6-9b54-4379-b5f0-50cc37f50781,assigned.mba,available,,,medium,low,8,,,
1d80033d-81cf-409c-8d17-da4eccb2de5c,readfor.mba,available,19.99,,low,low,8,name.com,,
391bde41-07e0-4863-9872-b8cb2cd1fcc1,observed.mba,available,19.99,,medium,low,8,name.com,,
f2d0534a-f57c-4201-a9fc-57b7f79cd071,deal.mba,available,19.99,,medium,low,4,name.com,,
759bb9af-aefc-4721-af34-7e8158843a70,happily.mba,available,19.99,,high,low,7,name.com,,
515bc9cb-e77e-4b34-9120-6b750ea8f0bb,slept.mba,available,19.99,,low,low,5,name.com,,
f39fe98f-ce63-4ebe-8f33-6b0ccaf1aa78,windowseat.mba,available,19.99,,high,low,11,name.com,,
9b86a4bd-46da-4191-8309-ced077c4c12b,takingaway.mba,available,19.99,,low,low,11,name.com,,
4e83958b-966f-4555-bef0-959bbad471ce,entertain.mba,available,19.99,,high,low,9,name.com,,
e88ef4a4-ce0e-483e-bbf4-7eff659f8523,contaminated.mba,available,19.99,,medium,low,12,name.com,,
926322bf-176e-4e51-9dd9-aad592b25ea7,flexing.mba,available,19.99,,high,low,7,name.com,,
b7bacd3e-a9c1-47e1-89cf-7446be50a190,everything.mba,available,19.99,,medium,medium,10,name.com,,
5d9b9b47-5be9-4870-aa90-d24550339f35,rules.mba,available,19.99,,medium,low,5,name.com,,
881f467a-ce91-4736-823f-66caf20d3444,getthebetterof.mba,available,19.99,,high,low,17,name.com,,
ce8b60f9-be93-4cd7-8b8b-1b055cedfd01,extinction.mba,available,19.99,,medium,low,10,name.com,,
bcf0c208-20ff-4691-8795-ab4eafd565b6,decorated.mba,available,19.99,50.99,medium,low,9,name.com,,
ed37f5e6-ae14-4c7c-aa86-fb8b69c2cda2,valid.mba,available,19.99,,high,low,5,name.com,,
5d6b2332-775c-4b61-a581-c530f5ebf582,righteous.mba,available,19.99,,high,low,9,name.com,,